-- phpMyAdmin SQL Dump
-- version 5.2.1
-- https://www.phpmyadmin.net/
--
-- Host: 127.0.0.1:3306
-- Generation Time: Jun 24, 2025 at 12:04 PM
-- Server version: 8.0.42
-- PHP Version: 8.3.14

SET SQL_MODE = "NO_AUTO_VALUE_ON_ZERO";
START TRANSACTION;
SET time_zone = "+00:00";


/*!40101 SET @OLD_CHARACTER_SET_CLIENT=@@CHARACTER_SET_CLIENT */;
/*!40101 SET @OLD_CHARACTER_SET_RESULTS=@@CHARACTER_SET_RESULTS */;
/*!40101 SET @OLD_COLLATION_CONNECTION=@@COLLATION_CONNECTION */;
/*!40101 SET NAMES utf8mb4 */;

--
-- Database: `feedback_scoala`
--

-- --------------------------------------------------------

--
-- Table structure for table `clase`
--

DROP TABLE IF EXISTS `clase`;
CREATE TABLE IF NOT EXISTS `clase` (
  `id` int NOT NULL AUTO_INCREMENT,
  `nume` varchar(4) NOT NULL,
  `profil_id` int DEFAULT NULL,
  PRIMARY KEY (`id`),
  KEY `profil_id` (`profil_id`)
) ENGINE=InnoDB AUTO_INCREMENT=17 DEFAULT CHARSET=utf8mb4 COLLATE=utf8mb4_0900_ai_ci;

--
-- Dumping data for table `clase`
--

INSERT INTO `clase` (`id`, `nume`, `profil_id`) VALUES
(1, '9A', 1),
(2, '9B', 2),
(3, '9C', 3),
(4, '9D', 4),
(5, '10A', 1),
(6, '10B', 2),
(7, '10C', 3),
(8, '10D', 4),
(9, '11A', 1),
(10, '11B', 2),
(11, '11C', 3),
(12, '11D', 4),
(13, '12A', 1),
(14, '12B', 2),
(15, '12C', 3),
(16, '12D', 4);

-- --------------------------------------------------------

--
-- Table structure for table `elevi`
--

DROP TABLE IF EXISTS `elevi`;
CREATE TABLE IF NOT EXISTS `elevi` (
  `id` int NOT NULL AUTO_INCREMENT,
  `nume` varchar(100) DEFAULT NULL,
  `prenume` varchar(100) DEFAULT NULL,
  `clasa_id` int DEFAULT NULL,
  `cod_feedback` varchar(20) DEFAULT NULL,
  `email` varchar(100) DEFAULT NULL,
  `parola` varchar(255) DEFAULT NULL,
  PRIMARY KEY (`id`),
  UNIQUE KEY `cod_feedback` (`cod_feedback`),
  UNIQUE KEY `email` (`email`),
  KEY `clasa_id` (`clasa_id`)
) ENGINE=InnoDB AUTO_INCREMENT=325 DEFAULT CHARSET=utf8mb4 COLLATE=utf8mb4_0900_ai_ci;

--
-- Dumping data for table `elevi`
--

INSERT INTO `elevi` (`id`, `nume`, `prenume`, `clasa_id`, `cod_feedback`, `email`, `parola`) VALUES
(1, 'Anamaria', 'Gheorghiu', 1, 'cfb0001', 'gheorghiu.anamaria1@elev.teodornes.ro', 'dGINyW'),
(2, 'Luciana', 'Dima', 1, 'cfb0002', 'dima.luciana2@elev.teodornes.ro', 'rt7A0a'),
(3, 'Leordean', 'Cristea', 1, 'cfb0003', 'cristea.leordean3@elev.teodornes.ro', 'QjbyGd'),
(4, 'Andreea', 'Ababei', 1, 'cfb0004', 'ababei.andreea4@elev.teodornes.ro', '3rMH9d'),
(5, 'Loredana', 'Ene', 1, 'cfb0005', 'ene.loredana5@elev.teodornes.ro', 'Da3TnC'),
(6, 'Matei', 'Dumitrescu', 1, 'cfb0006', 'dumitrescu.matei6@elev.teodornes.ro', 'nR59Ys'),
(7, 'Lorena', 'Oprea', 1, 'cfb0007', 'oprea.lorena7@elev.teodornes.ro', 'OmzoVM'),
(8, 'Agata', 'Dobre', 1, 'cfb0008', 'dobre.agata8@elev.teodornes.ro', '3zYLBu'),
(9, 'Ștefania', 'Gheorghiu', 1, 'cfb0009', 'gheorghiu.ștefania9@elev.teodornes.ro', 'CVM8GH'),
(10, 'Liliana', 'Marin', 1, 'cfb0010', 'marin.liliana10@elev.teodornes.ro', 'wfB9qg'),
(11, 'Cosmina', 'Nemeș', 1, 'cfb0011', 'nemeș.cosmina11@elev.teodornes.ro', 'UTdNbM'),
(12, 'Vasilica', 'Mazilescu', 1, 'cfb0012', 'mazilescu.vasilica12@elev.teodornes.ro', 'RgcymL'),
(13, 'Ariana', 'Pop', 1, 'cfb0013', 'pop.ariana13@elev.teodornes.ro', 'CVPzme'),
(14, 'Zina', 'Cristea', 1, 'cfb0014', 'cristea.zina14@elev.teodornes.ro', '5Afh47'),
(15, 'Ionescu', 'Andrei', 3, 'cfb0015', 'ionescu.andrei@elev.teodornes.ro', 'xyZ123'),
(16, 'Nichifor', 'Dumitrescu', 1, 'cfb0016', 'dumitrescu.nichifor16@elev.teodornes.ro', 'WsIwkf'),
(17, 'Aristița', 'Tudor', 1, 'cfb0017', 'tudor.aristița17@elev.teodornes.ro', 'tRr2jh'),
(18, 'Petronela', 'Cristea', 1, 'cfb0018', 'cristea.petronela18@elev.teodornes.ro', '54eEzy'),
(19, 'Daniela', 'Nemeș', 1, 'cfb0019', 'nemeș.daniela19@elev.teodornes.ro', 'YRutKh'),
(20, 'Dan', 'Toma', 1, 'cfb0020', 'toma.dan20@elev.teodornes.ro', 'uSVNCa'),
(21, 'Georgiana', 'Mocanu', 2, 'cfb0021', 'mocanu.georgiana21@elev.teodornes.ro', 'zM3UJw'),
(22, 'Letiția', 'Tudor', 2, 'cfb0022', 'tudor.letiția22@elev.teodornes.ro', 'FK4T9g'),
(23, 'Valentin', 'Barbu', 2, 'cfb0023', 'barbu.valentin23@elev.teodornes.ro', '4nnSb1'),
(24, 'Iustinian', 'Florea', 2, 'cfb0024', 'florea.iustinian24@elev.teodornes.ro', 'HmP5lc'),
(25, 'Dorian', 'Nemeș', 2, 'cfb0025', 'nemeș.dorian25@elev.teodornes.ro', 'SWAuCz'),
(26, 'Theodor', 'Stancu', 2, 'cfb0026', 'stancu.theodor26@elev.teodornes.ro', 'Ny9Mak'),
(27, 'Simina', 'Ardelean', 2, 'cfb0027', 'ardelean.simina27@elev.teodornes.ro', 'Ei0U4o'),
(28, 'Andreea', 'Manole', 2, 'cfb0028', 'manole.andreea28@elev.teodornes.ro', '4rT3G4'),
(29, 'Nicoleta', 'Barbu', 2, 'cfb0029', 'barbu.nicoleta29@elev.teodornes.ro', 'CjSNwB'),
(30, 'Mihnea', 'Manole', 2, 'cfb0030', 'manole.mihnea30@elev.teodornes.ro', 'AjOq4y'),
(31, 'Vincențiu', 'Popescu', 2, 'cfb0031', 'popescu.vincențiu31@elev.teodornes.ro', 'JGEkAY'),
(32, 'Titus', 'Pop', 2, 'cfb0032', 'pop.titus32@elev.teodornes.ro', 'KiJEDR'),
(33, 'Narcisa', 'Dima', 2, 'cfb0033', 'dima.narcisa33@elev.teodornes.ro', '8dGNXu'),
(34, 'Matei', 'Stan', 2, 'cfb0034', 'stan.matei34@elev.teodornes.ro', 'jjQJaG'),
(35, 'Nicușor', 'Niță', 2, 'cfb0035', 'niță.nicușor35@elev.teodornes.ro', 'hALezU'),
(36, 'Veronica', 'Ene', 2, 'cfb0036', 'ene.veronica36@elev.teodornes.ro', 'hsFb5b'),
(37, 'Grigore', 'Popescu', 2, 'cfb0037', 'popescu.grigore37@elev.teodornes.ro', 'VnwcT2'),
(38, 'Astrid', 'Diaconu', 2, 'cfb0038', 'diaconu.astrid38@elev.teodornes.ro', '9rjlZo'),
(39, 'Silviu', 'Dobre', 2, 'cfb0039', 'dobre.silviu39@elev.teodornes.ro', '2Mpund'),
(40, 'Panagachie', 'Barbu', 2, 'cfb0040', 'barbu.panagachie40@elev.teodornes.ro', 'KLOkDJ'),
(41, 'Adam', 'Suciu', 3, 'cfb0041', 'suciu.adam41@elev.teodornes.ro', 'XEaYFA'),
(42, 'Irinel', 'Georgescu', 3, 'cfb0042', 'georgescu.irinel42@elev.teodornes.ro', 'EYMT2Z'),
(43, 'Domnica', 'Voinea', 3, 'cfb0043', 'voinea.domnica43@elev.teodornes.ro', 'e3KR3B'),
(44, 'Tiberiu', 'Marin', 3, 'cfb0044', 'marin.tiberiu44@elev.teodornes.ro', '9M0rbp'),
(45, 'Rada', 'Niță', 3, 'cfb0045', 'niță.rada45@elev.teodornes.ro', 'dDq6Ux'),
(46, 'Dan', 'Aanei', 3, 'cfb0046', 'aanei.dan46@elev.teodornes.ro', 'y6DCrB'),
(47, 'Ghenadie', 'Dochioiu', 3, 'cfb0047', 'dochioiu.ghenadie47@elev.teodornes.ro', '6efSVD'),
(48, 'Severin', 'Ioniță', 3, 'cfb0048', 'ioniță.severin48@elev.teodornes.ro', 'L1nDhr'),
(49, 'Floriana', 'Mocanu', 3, 'cfb0049', 'mocanu.floriana49@elev.teodornes.ro', 'DOciZo'),
(50, 'Lascăr', 'Pușcașu', 3, 'cfb0050', 'pușcașu.lascăr50@elev.teodornes.ro', '5hFvqa'),
(51, 'Pavel', 'Manole', 3, 'cfb0051', 'manole.pavel51@elev.teodornes.ro', 'CMDpno'),
(52, 'Amalia', 'Diaconu', 3, 'cfb0052', 'diaconu.amalia52@elev.teodornes.ro', 'TTPZus'),
(53, 'Roza', 'Florea', 3, 'cfb0053', 'florea.roza53@elev.teodornes.ro', 'VpKzYj'),
(54, 'Marilena', 'Stoica', 3, 'cfb0054', 'stoica.marilena54@elev.teodornes.ro', 'FlTob0'),
(55, 'Codruța', 'Popescu', 3, 'cfb0055', 'popescu.codruța55@elev.teodornes.ro', '90A0ID'),
(56, 'Iustin', 'Dima', 3, 'cfb0056', 'dima.iustin56@elev.teodornes.ro', 'VB7NLT'),
(57, 'Vladimir', 'Popa', 3, 'cfb0057', 'popa.vladimir57@elev.teodornes.ro', 'ZMRzCZ'),
(58, 'Narcisa', 'Pușcașu', 3, 'cfb0058', 'pușcașu.narcisa58@elev.teodornes.ro', 'ZSJoo3'),
(59, 'Liana', 'Stan', 3, 'cfb0059', 'stan.liana59@elev.teodornes.ro', 'J0Ctbr'),
(60, 'Sabrina', 'Nistor', 3, 'cfb0060', 'nistor.sabrina60@elev.teodornes.ro', 'tVlyQD'),
(61, 'Codruț', 'Pușcașu', 4, 'cfb0061', 'pușcașu.codruț61@elev.teodornes.ro', 'igk9tr'),
(62, 'Dumitra', 'Florea', 4, 'cfb0062', 'florea.dumitra62@elev.teodornes.ro', '2U97RT'),
(63, 'Carla', 'Marin', 1, 'cfb0063', 'marin.carla63@elev.teodornes.ro', 'SZg7xJ'),
(64, 'Octav', 'Stancu', 4, 'cfb0064', 'stancu.octav64@elev.teodornes.ro', 'nxkpcp'),
(65, 'Octav', 'Eneeee', 13, 'cfb0065', 'ene.octav65@elev.teodornes.ro', 'fJCEbs'),
(66, 'Catinca', 'Toma', 4, 'cfb0066', 'toma.catinca66@elev.teodornes.ro', 'EFo8vk'),
(67, 'Magdalena', 'Barbuuuuu', 3, 'cfb0067', 'barbu.magdalena67@elev.teodornes.ro', '30cxpe'),
(68, 'Sorinaaaaa', 'Barbu', NULL, 'cfb0068', 'barbu.sorina68@elev.teodornes.ro', 'znOUG2'),
(69, 'Olimpia', 'Tudoraa', NULL, 'cfb0069', 'tudor.olimpia69@elev.teodornes.ro', 'lETtlo'),
(70, 'Lili', 'Stan', 4, 'cfb0070', 'stan.lili70@elev.teodornes.ro', '303Kcu'),
(71, 'Mitruț', 'Stoica', 4, 'cfb0071', 'stoica.mitruț71@elev.teodornes.ro', 'OMk73E'),
(72, 'Marinela', 'Popa', 4, 'cfb0072', 'popa.marinela72@elev.teodornes.ro', 'cjjMNB'),
(73, 'Iuliana', 'Diaconescu', 4, 'cfb0073', 'diaconescu.iuliana73@elev.teodornes.ro', 'ZdzTum'),
(74, 'Vladut', 'Niță', NULL, 'cfb0074', 'niță.vlad74@elev.teodornes.ro', 'BteFFn'),
(75, 'Bucur', 'Nistor', 4, 'cfb0075', 'nistor.bucur75@elev.teodornes.ro', 'L7QLzL'),
(76, 'Aurora', 'Voinea', 4, 'cfb0076', 'voinea.aurora76@elev.teodornes.ro', '438xO0'),
(77, 'Brândușa', 'Nistor', 4, 'cfb0077', 'nistor.brândușa77@elev.teodornes.ro', '4NZd9J'),
(78, 'Dida', 'Florea', 4, 'cfb0078', 'florea.dida78@elev.teodornes.ro', '42gBMt'),
(79, 'Iuliana', 'Stan', 4, 'cfb0079', 'stan.iuliana79@elev.teodornes.ro', 'TxUmWk'),
(80, 'Evanghelina', 'Niță', 4, 'cfb0080', 'niță.evanghelina80@elev.teodornes.ro', 'CJEn9L'),
(81, 'Olimpia', 'Pop', 5, 'cfb0081', 'pop.olimpia81@elev.teodornes.ro', 'roI7dZ'),
(82, 'Celia', 'Oprea', 5, 'cfb0082', 'oprea.celia82@elev.teodornes.ro', 'wDBqBt'),
(83, 'Aura', 'Tomescu', 5, 'cfb0083', 'tomescu.aura83@elev.teodornes.ro', 'DIRI4T'),
(84, 'Crenguța', 'Florea', 5, 'cfb0084', 'florea.crenguța84@elev.teodornes.ro', 'coJ007'),
(85, 'Arsenie', 'Popescu', 5, 'cfb0085', 'popescu.arsenie85@elev.teodornes.ro', 'rQb6Do'),
(86, 'Ligia', 'Nistor', 5, 'cfb0086', 'nistor.ligia86@elev.teodornes.ro', 'o99NcW'),
(87, 'Gherghina', 'Nemeș', 5, 'cfb0087', 'nemeș.gherghina87@elev.teodornes.ro', 'siuofU'),
(88, 'Alexandru', 'Georgescu', 5, 'cfb0088', 'georgescu.alexandru88@elev.teodornes.ro', 'YLyxTM'),
(89, 'Patricia', 'Niță', 5, 'cfb0089', 'niță.patricia89@elev.teodornes.ro', 'NPNhsB'),
(90, 'Florina', 'Dumitrescu', 5, 'cfb0090', 'dumitrescu.florina90@elev.teodornes.ro', 'sRUOLb'),
(91, 'Livia', 'Ardelean', 5, 'cfb0091', 'ardelean.livia91@elev.teodornes.ro', 'wHwLJt'),
(92, 'Salomea', 'Ardelean', 5, 'cfb0092', 'ardelean.salomea92@elev.teodornes.ro', 'jvI922'),
(93, 'Nicușor', 'Popa', 5, 'cfb0093', 'popa.nicușor93@elev.teodornes.ro', 'ImjqOB'),
(94, 'Betina', 'Preda', 5, 'cfb0094', 'preda.betina94@elev.teodornes.ro', 'jWRYAp'),
(95, 'Irina', 'Barbu', 5, 'cfb0095', 'barbu.irina95@elev.teodornes.ro', 'rmLEpC'),
(96, 'Marcheta', 'Nistor', 5, 'cfb0096', 'nistor.marcheta96@elev.teodornes.ro', 'syEgzL'),
(97, 'Mitică', 'Florea', 5, 'cfb0097', 'florea.mitică97@elev.teodornes.ro', '2aQRnt'),
(98, 'Sandu', 'Cristea', 5, 'cfb0098', 'cristea.sandu98@elev.teodornes.ro', 'HzGMY5'),
(99, 'Visarion', 'Stănescu', 5, 'cfb0099', 'stănescu.visarion99@elev.teodornes.ro', 'NpAeYl'),
(100, 'Mona', 'Eftimie', 5, 'cfb0100', 'eftimie.mona100@elev.teodornes.ro', 'kpAzKr'),
(101, 'Mariana', 'Georgescu', 6, 'cfb0101', 'georgescu.mariana101@elev.teodornes.ro', 'Y0Qzuc'),
(102, 'Elvira', 'Tudor', 6, 'cfb0102', 'tudor.elvira102@elev.teodornes.ro', 'u9B6Bx'),
(103, 'Decebal', 'Manole', 6, 'cfb0103', 'manole.decebal103@elev.teodornes.ro', 'ZWBLKy'),
(104, 'Aida', 'Pop', 6, 'cfb0104', 'pop.aida104@elev.teodornes.ro', 'pJNrqP'),
(105, 'Cătălina', 'Stan', 6, 'cfb0105', 'stan.cătălina105@elev.teodornes.ro', 'R4VR9a'),
(106, 'Giorgian', 'Georgescu', 6, 'cfb0106', 'georgescu.giorgian106@elev.teodornes.ro', 'e2wc4u'),
(108, 'Viviana', 'Ionescu', 6, 'cfb0108', 'ionescu.viviana108@elev.teodornes.ro', 'ZpDAVt'),
(109, 'Codruț', 'Stan', 6, 'cfb0109', 'stan.codruț109@elev.teodornes.ro', 'klmIAj'),
(110, 'Răducu', 'Tomescu', 6, 'cfb0110', 'tomescu.răducu110@elev.teodornes.ro', 'CKLQPA'),
(111, 'Manole', 'Ioniță', 6, 'cfb0111', 'ioniță.manole111@elev.teodornes.ro', 'psur6n'),
(112, 'Erica', 'Georgescu', 6, 'cfb0112', 'georgescu.erica112@elev.teodornes.ro', 'YzdkYw'),
(113, 'Despina', 'Stancu', 6, 'cfb0113', 'stancu.despina113@elev.teodornes.ro', 'fA2QXl'),
(114, 'Nora', 'Ionescu', 6, 'cfb0114', 'ionescu.nora114@elev.teodornes.ro', 'QlBXv6'),
(115, 'Tatiana', 'Eftimie', 6, 'cfb0115', 'eftimie.tatiana115@elev.teodornes.ro', 'xL0Acl'),
(116, 'Gicu', 'Popescu', 6, 'cfb0116', 'popescu.gicu116@elev.teodornes.ro', 'M1qCGZ'),
(117, 'Aurelia', 'Cristea', 6, 'cfb0117', 'cristea.aurelia117@elev.teodornes.ro', 'jWXSnf'),
(118, 'Ofelia', 'Albu', 6, 'cfb0118', 'albu.ofelia118@elev.teodornes.ro', 'bUiqIS'),
(119, 'Stanca', 'Dima', 6, 'cfb0119', 'dima.stanca119@elev.teodornes.ro', 'v4724P'),
(120, 'Georgia', 'Oprea', 6, 'cfb0120', 'oprea.georgia120@elev.teodornes.ro', 'QbUFY2'),
(121, 'Matei', 'Aanei', 7, 'cfb0121', 'aanei.matei121@elev.teodornes.ro', 'Q6FaCT'),
(122, 'Celia', 'Dinu', 7, 'cfb0122', 'dinu.celia122@elev.teodornes.ro', 'aeoMUJ'),
(123, 'Viviana', 'Stănescu', 7, 'cfb0123', 'stănescu.viviana123@elev.teodornes.ro', 'LVsbBT'),
(124, 'Călin', 'Dima', 7, 'cfb0124', 'dima.călin124@elev.teodornes.ro', 'dn4igu'),
(125, 'Rozalia', 'Mocanu', 7, 'cfb0125', 'mocanu.rozalia125@elev.teodornes.ro', 'Sc9x5I'),
(126, 'Varvara', 'Eftimie', 7, 'cfb0126', 'eftimie.varvara126@elev.teodornes.ro', 'Hs16ny'),
(128, 'Sandu', 'Dinu', 7, 'cfb0128', 'dinu.sandu128@elev.teodornes.ro', 'hkgTE8'),
(129, 'Georgiana', 'Dochioiu', 7, 'cfb0129', 'dochioiu.georgiana129@elev.teodornes.ro', 'MGTggf'),
(130, 'Anamaria', 'Dochioiu', 7, 'cfb0130', 'dochioiu.anamaria130@elev.teodornes.ro', '7Yeg4m'),
(131, 'Avram', 'Tudor', 7, 'cfb0131', 'tudor.avram131@elev.teodornes.ro', '0NDqIY'),
(132, 'Natașa', 'Dobre', 7, 'cfb0132', 'dobre.natașa132@elev.teodornes.ro', 'IicXSS'),
(133, 'Adelin', 'Albu', 7, 'cfb0133', 'albu.adelin133@elev.teodornes.ro', 'DF9QqQ'),
(134, 'Lucia', 'Dumitrescu', 7, 'cfb0134', 'dumitrescu.lucia134@elev.teodornes.ro', 'IvtGHQ'),
(135, 'Tinca', 'Ioniță', 7, 'cfb0135', 'ioniță.tinca135@elev.teodornes.ro', '7BZncK'),
(136, 'Luciana', 'Ababei', 7, 'cfb0136', 'ababei.luciana136@elev.teodornes.ro', 'PGBhwL'),
(137, 'Angel', 'Marin', 7, 'cfb0137', 'marin.angel137@elev.teodornes.ro', 'ratDBB'),
(138, 'Caterina', 'Gheorghiu', 7, 'cfb0138', 'gheorghiu.caterina138@elev.teodornes.ro', 'd7262H'),
(139, 'Tiberiu', 'Preda', 7, 'cfb0139', 'preda.tiberiu139@elev.teodornes.ro', 'ZcpNOK'),
(140, 'Jean', 'Marin', 7, 'cfb0140', 'marin.jean140@elev.teodornes.ro', 'Y6B6nm'),
(141, 'Dora', 'Georgescu', 8, 'cfb0141', 'georgescu.dora141@elev.teodornes.ro', 'DYuIKs'),
(142, 'Nicolae', 'Georgescu', 8, 'cfb0142', 'georgescu.nicolae142@elev.teodornes.ro', 'G0C2xZ'),
(143, 'Dida', 'Suciu', 8, 'cfb0143', 'suciu.dida143@elev.teodornes.ro', 'M3KtQX'),
(144, 'Teodora', 'Manole', 8, 'cfb0144', 'manole.teodora144@elev.teodornes.ro', 'TTUNi0'),
(145, 'Pleșu', 'Preda', 8, 'cfb0145', 'preda.pleșu145@elev.teodornes.ro', 'vmlyNF'),
(146, 'Adrian', 'Stoica', 8, 'cfb0146', 'stoica.adrian146@elev.teodornes.ro', 'bCSxJM'),
(147, 'Mina', 'Albu', 8, 'cfb0147', 'albu.mina147@elev.teodornes.ro', 'e8K4g2'),
(148, 'Adela', 'Pușcașu', 8, 'cfb0148', 'pușcașu.adela148@elev.teodornes.ro', '1RieXM'),
(149, 'Vicenția', 'Niță', 8, 'cfb0149', 'niță.vicenția149@elev.teodornes.ro', 'k6YdXx'),
(150, 'Sorina', 'Tabacu', 8, 'cfb0150', 'tabacu.sorina150@elev.teodornes.ro', 'Z0t44k'),
(151, 'Zeno', 'Diaconu', 8, 'cfb0151', 'diaconu.zeno151@elev.teodornes.ro', 'aT9qMt'),
(152, 'Grațian', 'Ioniță', 8, 'cfb0152', 'ioniță.grațian152@elev.teodornes.ro', 'VlTFee'),
(153, 'Smaranda', 'Nistor', 8, 'cfb0153', 'nistor.smaranda153@elev.teodornes.ro', '98WPQG'),
(154, 'Manole', 'Dima', 8, 'cfb0154', 'dima.manole154@elev.teodornes.ro', '3FWr8e'),
(155, 'Bernard', 'Tudor', 8, 'cfb0155', 'tudor.bernard155@elev.teodornes.ro', 'Rxwrw4'),
(156, 'Ica', 'Tabacu', 8, 'cfb0156', 'tabacu.ica156@elev.teodornes.ro', 'dg6Bvg'),
(157, 'Aristide', 'Stancu', 8, 'cfb0157', 'stancu.aristide157@elev.teodornes.ro', 'AHeeKo'),
(158, 'Romina', 'Ionescu', 8, 'cfb0158', 'ionescu.romina158@elev.teodornes.ro', 'LSNDBc'),
(159, 'Călin', 'Stănescu', 8, 'cfb0159', 'stănescu.călin159@elev.teodornes.ro', 'S4rZU1'),
(160, 'Doru', 'Oprea', 8, 'cfb0160', 'oprea.doru160@elev.teodornes.ro', '4gPDD6'),
(161, 'Ligia', 'Preda', 9, 'cfb0161', 'preda.ligia161@elev.teodornes.ro', '9V0GjQ'),
(162, 'Grațiela', 'Tudor', 9, 'cfb0162', 'tudor.grațiela162@elev.teodornes.ro', 'sXxc9v'),
(163, 'Pamela', 'Preda', 9, 'cfb0163', 'preda.pamela163@elev.teodornes.ro', '6qqrGY'),
(164, 'Crenguța', 'Florea', 9, 'cfb0164', 'florea.crenguța164@elev.teodornes.ro', 'kEbOWC'),
(165, 'Ludmila', 'Dumitrescu', 9, 'cfb0165', 'dumitrescu.ludmila165@elev.teodornes.ro', 'R12opT'),
(166, 'Anamaria', 'Albu', 9, 'cfb0166', 'albu.anamaria166@elev.teodornes.ro', '0KdnW2'),
(167, 'Emanuil', 'Tabacu', 9, 'cfb0167', 'tabacu.emanuil167@elev.teodornes.ro', 'utbH0h'),
(168, 'Darius', 'Nistor', 9, 'cfb0168', 'nistor.darius168@elev.teodornes.ro', 'oOR4KV'),
(169, 'Adonis', 'Popescu', 9, 'cfb0169', 'popescu.adonis169@elev.teodornes.ro', 'tzqx28'),
(170, 'Marioara', 'Dinu', 9, 'cfb0170', 'dinu.marioara170@elev.teodornes.ro', 'bqsIEN'),
(171, 'Despina', 'Niță', 9, 'cfb0171', 'niță.despina171@elev.teodornes.ro', 'CkLpIG'),
(172, 'Ilinca', 'Pușcașu', 9, 'cfb0172', 'pușcașu.ilinca172@elev.teodornes.ro', 'uLzqi4'),
(173, 'Aura', 'Stancu', 9, 'cfb0173', 'stancu.aura173@elev.teodornes.ro', 'qcFXUR'),
(174, 'Dumitrana', 'Pop', 9, 'cfb0174', 'pop.dumitrana174@elev.teodornes.ro', 'ridu4p'),
(175, 'Dorinel', 'Tudor', 9, 'cfb0175', 'tudor.dorinel175@elev.teodornes.ro', '4THrmI'),
(176, 'Cosmin', 'Tabacu', 9, 'cfb0176', 'tabacu.cosmin176@elev.teodornes.ro', 'K8EgKn'),
(177, 'Lorin', 'Oprea', 9, 'cfb0177', 'oprea.lorin177@elev.teodornes.ro', 'NifG3G'),
(178, 'Emanuil', 'Oprea', 9, 'cfb0178', 'oprea.emanuil178@elev.teodornes.ro', 'JDFWCN'),
(179, 'Mălina', 'Toma', 9, 'cfb0179', 'toma.mălina179@elev.teodornes.ro', 'Z9Mv6u'),
(180, 'Ilie', 'Popescu', 9, 'cfb0180', 'popescu.ilie180@elev.teodornes.ro', 'Rq8a10'),
(181, 'Octavia', 'Oprea', 10, 'cfb0181', 'oprea.octavia181@elev.teodornes.ro', 'PPE3tt'),
(182, 'Patricia', 'Florea', 10, 'cfb0182', 'florea.patricia182@elev.teodornes.ro', 'WEf5WZ'),
(183, 'Steliana', 'Manole', 10, 'cfb0183', 'manole.steliana183@elev.teodornes.ro', 'SLrrUR'),
(184, 'Eusebia', 'Dinu', 10, 'cfb0184', 'dinu.eusebia184@elev.teodornes.ro', 'RM8yBv'),
(185, 'Adi', 'Dinu', 10, 'cfb0185', 'dinu.adi185@elev.teodornes.ro', 'iEzzmU'),
(186, 'Carla', 'Nistor', 10, 'cfb0186', 'nistor.carla186@elev.teodornes.ro', 'ho1lH5'),
(187, 'Sorina', 'Stan', 10, 'cfb0187', 'stan.sorina187@elev.teodornes.ro', 'rMlX9B'),
(188, 'Basarab', 'Ardelean', 10, 'cfb0188', 'ardelean.basarab188@elev.teodornes.ro', 'EZ5LIl'),
(189, 'Bernard', 'Nemeș', 10, 'cfb0189', 'nemeș.bernard189@elev.teodornes.ro', 'G1jf3u'),
(190, 'Nechifor', 'Nemeș', 10, 'cfb0190', 'nemeș.nechifor190@elev.teodornes.ro', 'EUJhCA'),
(191, 'Agata', 'Mazilescu', 10, 'cfb0191', 'mazilescu.agata191@elev.teodornes.ro', '4vvGwJ'),
(192, 'Alexandru', 'Nistor', 10, 'cfb0192', 'nistor.alexandru192@elev.teodornes.ro', 'lhl3kv'),
(193, 'Flaviu', 'Ene', 10, 'cfb0193', 'ene.flaviu193@elev.teodornes.ro', 'jNNpvu'),
(194, 'Codin', 'Popescu', 10, 'cfb0194', 'popescu.codin194@elev.teodornes.ro', 'M0WNMD'),
(195, 'Alex', 'Marin', 10, 'cfb0195', 'marin.alex195@elev.teodornes.ro', 'z6UGu3'),
(196, 'Gianina', 'Pop', 10, 'cfb0196', 'pop.gianina196@elev.teodornes.ro', 'JyowLl'),
(197, 'Sebastian', 'Stan', 10, 'cfb0197', 'stan.sebastian197@elev.teodornes.ro', 'DUdtry'),
(198, 'Amedeu', 'Stănescu', 10, 'cfb0198', 'stănescu.amedeu198@elev.teodornes.ro', 'mdS3X6'),
(199, 'Cleopatra', 'Tomescu', 10, 'cfb0199', 'tomescu.cleopatra199@elev.teodornes.ro', 'iD836G'),
(200, 'Estera', 'Pop', 10, 'cfb0200', 'pop.estera200@elev.teodornes.ro', 'SONJis'),
(201, 'Aura', 'Georgescu', 11, 'cfb0201', 'georgescu.aura201@elev.teodornes.ro', 'J3mbXB'),
(202, 'Sofia', 'Eftimie', 11, 'cfb0202', 'eftimie.sofia202@elev.teodornes.ro', 'jGLp0Q'),
(203, 'Smaranda', 'Marin', 11, 'cfb0203', 'marin.smaranda203@elev.teodornes.ro', '0B6RQ6'),
(204, 'Olga', 'Nistor', 11, 'cfb0204', 'nistor.olga204@elev.teodornes.ro', 'jDKNNU'),
(205, 'Claudia', 'Popa', 11, 'cfb0205', 'popa.claudia205@elev.teodornes.ro', 'P5Pie4'),
(206, 'Lascăr', 'Ardelean', 11, 'cfb0206', 'ardelean.lascăr206@elev.teodornes.ro', 'ouKjce'),
(207, 'Lucreția', 'Tomescu', 11, 'cfb0207', 'tomescu.lucreția207@elev.teodornes.ro', '743MEk'),
(208, 'Vasilică', 'Albu', 11, 'cfb0208', 'albu.vasilică208@elev.teodornes.ro', 'B6LaN2'),
(209, 'Mălina', 'Dumitrescu', 11, 'cfb0209', 'dumitrescu.mălina209@elev.teodornes.ro', '8VH5lQ'),
(210, 'Sava', 'Dinu', 11, 'cfb0210', 'dinu.sava210@elev.teodornes.ro', 'pWHSm1'),
(211, 'Eliana', 'Popa', 11, 'cfb0211', 'popa.eliana211@elev.teodornes.ro', '7zr2Io'),
(212, 'Mădălin', 'Eftimie', 11, 'cfb0212', 'eftimie.mădălin212@elev.teodornes.ro', 'WadTDx'),
(213, 'Mioara', 'Mocanu', 11, 'cfb0213', 'mocanu.mioara213@elev.teodornes.ro', 'j72vj1'),
(214, 'Pleșu', 'Suciu', 11, 'cfb0214', 'suciu.pleșu214@elev.teodornes.ro', '3ODMhY'),
(215, 'Geta', 'Ioniță', 11, 'cfb0215', 'ioniță.geta215@elev.teodornes.ro', '0QZSBh'),
(216, 'Nicoară', 'Ababei', 11, 'cfb0216', 'ababei.nicoară216@elev.teodornes.ro', 'IecKxD'),
(217, 'Nechifor', 'Voinea', 11, 'cfb0217', 'voinea.nechifor217@elev.teodornes.ro', 'H6xisH'),
(218, 'Andrei', 'Dumitrescu', 11, 'cfb0218', 'dumitrescu.andrei218@elev.teodornes.ro', 'uliVtZ'),
(219, 'Olimpiu', 'Toma', 11, 'cfb0219', 'toma.olimpiu219@elev.teodornes.ro', 'UxKOpP'),
(220, 'Daria', 'Ioniță', 11, 'cfb0220', 'ioniță.daria220@elev.teodornes.ro', 'ZdMOLQ'),
(221, 'Mihail', 'Albu', 12, 'cfb0221', 'albu.mihail221@elev.teodornes.ro', 'h3GGY9'),
(222, 'Iustin', 'Niță', 12, 'cfb0222', 'niță.iustin222@elev.teodornes.ro', 'S59oN2'),
(223, 'Casiana', 'Preda', 12, 'cfb0223', 'preda.casiana223@elev.teodornes.ro', 'hzT2yH'),
(224, 'Alexandra', 'Nistor', 12, 'cfb0224', 'nistor.alexandra224@elev.teodornes.ro', 'iq1x5u'),
(225, 'Denisa', 'Niță', 12, 'cfb0225', 'niță.denisa225@elev.teodornes.ro', '7M7uxK'),
(226, 'Șerban', 'Pop', 12, 'cfb0226', 'pop.șerban226@elev.teodornes.ro', 'OHZN03'),
(227, 'Claudiu', 'Dochioiu', 12, 'cfb0227', 'dochioiu.claudiu227@elev.teodornes.ro', 'dyGyGr'),
(228, 'Robert', 'Stan', 12, 'cfb0228', 'stan.robert228@elev.teodornes.ro', '3gB3hv'),
(229, 'Doru', 'Niță', 12, 'cfb0229', 'niță.doru229@elev.teodornes.ro', 'OycDwB'),
(230, 'Silvia', 'Florea', 12, 'cfb0230', 'florea.silvia230@elev.teodornes.ro', 'Z1vkrp'),
(231, 'Olimpia', 'Oprea', 12, 'cfb0231', 'oprea.olimpia231@elev.teodornes.ro', 'cHvW9p'),
(232, 'Dorinel', 'Stoica', 12, 'cfb0232', 'stoica.dorinel232@elev.teodornes.ro', 'bZ9OUY'),
(233, 'Steluța', 'Ababei', 12, 'cfb0233', 'ababei.steluța233@elev.teodornes.ro', 'gYrpks'),
(234, 'Simina', 'Dochioiu', 12, 'cfb0234', 'dochioiu.simina234@elev.teodornes.ro', '0TaWDA'),
(235, 'Lidia', 'Mazilescu', 12, 'cfb0235', 'mazilescu.lidia235@elev.teodornes.ro', 'jWT9Re'),
(236, 'Ștefania', 'Gheorghiu', 12, 'cfb0236', 'gheorghiu.ștefania236@elev.teodornes.ro', 'sqxP0L'),
(237, 'Marcu', 'Aanei', 12, 'cfb0237', 'aanei.marcu237@elev.teodornes.ro', '29M6SN'),
(238, 'Codruța', 'Florea', 12, 'cfb0238', 'florea.codruța238@elev.teodornes.ro', 't65WNh'),
(239, 'Florea', 'Stancu', 12, 'cfb0239', 'stancu.florea239@elev.teodornes.ro', 'bF6OvA'),
(240, 'Emil', 'Tomescu', 12, 'cfb0240', 'tomescu.emil240@elev.teodornes.ro', 'uMkNZf'),
(241, 'Cristea', 'Ababei', 13, 'cfb0241', 'ababei.cristea241@elev.teodornes.ro', 'Gcs39s'),
(242, 'Rafila', 'Ene', 13, 'cfb0242', 'ene.rafila242@elev.teodornes.ro', 'QEWjXq'),
(243, 'Marioara', 'Ioniță', 13, 'cfb0243', 'ioniță.marioara243@elev.teodornes.ro', 'RAw1Qc'),
(244, 'Emanoil', 'Stancu', 13, 'cfb0244', 'stancu.emanoil244@elev.teodornes.ro', 'vB9z9R'),
(245, 'Camil', 'Stancu', 13, 'cfb0245', 'stancu.camil245@elev.teodornes.ro', 'mQj0UO'),
(246, 'Tudora', 'Pop', 13, 'cfb0246', 'pop.tudora246@elev.teodornes.ro', 'FOD71t'),
(247, 'Roxelana', 'Georgescu', 13, 'cfb0247', 'georgescu.roxelana247@elev.teodornes.ro', 'n1a7Tt'),
(248, 'Dumitra', 'Dumitrescu', 13, 'cfb0248', 'dumitrescu.dumitra248@elev.teodornes.ro', '4EJqmG'),
(249, 'Draga', 'Stan', 13, 'cfb0249', 'stan.draga249@elev.teodornes.ro', 'dCoVZe'),
(250, 'Ivona', 'Eftimie', 13, 'cfb0250', 'eftimie.ivona250@elev.teodornes.ro', '6XUmFU'),
(251, 'Ofelia', 'Stănescu', 13, 'cfb0251', 'stănescu.ofelia251@elev.teodornes.ro', 'lmtipp'),
(252, 'Dana', 'Dumitrescu', 13, 'cfb0252', 'dumitrescu.dana252@elev.teodornes.ro', 'h3FBam'),
(253, 'Luiza', 'Mocanu', 13, 'cfb0253', 'mocanu.luiza253@elev.teodornes.ro', '2ztGqF'),
(254, 'Rodica', 'Aanei', 13, 'cfb0254', 'aanei.rodica254@elev.teodornes.ro', 'Xu36Fi'),
(255, 'Oana', 'Albu', 13, 'cfb0255', 'albu.oana255@elev.teodornes.ro', 'NFpFKP'),
(256, 'Ludovic', 'Ionescu', 13, 'cfb0256', 'ionescu.ludovic256@elev.teodornes.ro', 'YS2wf9'),
(257, 'Teofil', 'Popescu', 13, 'cfb0257', 'popescu.teofil257@elev.teodornes.ro', 'fS3h5c'),
(258, 'Alexandra', 'Stoica', 13, 'cfb0258', 'stoica.alexandra258@elev.teodornes.ro', '8CNSHP'),
(259, 'Edgar', 'Popa', 13, 'cfb0259', 'popa.edgar259@elev.teodornes.ro', 'RbVLz6'),
(260, 'Ștefania', 'Dochioiu', 13, 'cfb0260', 'dochioiu.ștefania260@elev.teodornes.ro', 'z8myLR'),
(261, 'Mihaela', 'Popa', 14, 'cfb0261', 'popa.mihaela261@elev.teodornes.ro', 'QDcP1m'),
(262, 'Carmen', 'Nistor', 14, 'cfb0262', 'nistor.carmen262@elev.teodornes.ro', 'h9RRVL'),
(263, 'Cătălina', 'Stoica', 14, 'cfb0263', 'stoica.cătălina263@elev.teodornes.ro', 'tgqnsN'),
(264, 'Florentina', 'Dinu', 14, 'cfb0264', 'dinu.florentina264@elev.teodornes.ro', 'Ao3Ncm'),
(265, 'Codruța', 'Florea', 14, 'cfb0265', 'florea.codruța265@elev.teodornes.ro', 'tRDCKc'),
(266, 'Marin', 'Nistor', 14, 'cfb0266', 'nistor.marin266@elev.teodornes.ro', 'ldSB4G'),
(267, 'Ioan', 'Nemeș', 14, 'cfb0267', 'nemeș.ioan267@elev.teodornes.ro', 'nLZs8l'),
(268, 'Cosmin', 'Ioniță', 14, 'cfb0268', 'ioniță.cosmin268@elev.teodornes.ro', 'RNdN09'),
(269, 'Roxana', 'Stoica', 14, 'cfb0269', 'stoica.roxana269@elev.teodornes.ro', 'dqxZsb'),
(270, 'Rareș', 'Diaconescu', 14, 'cfb0270', 'diaconescu.rareș270@elev.teodornes.ro', 'KqQjj0'),
(271, 'Severin', 'Eftimie', 14, 'cfb0271', 'eftimie.severin271@elev.teodornes.ro', 'JgF0L4'),
(272, 'Vlaicu', 'Cristea', 14, 'cfb0272', 'cristea.vlaicu272@elev.teodornes.ro', 'J8WcDe'),
(273, 'Maricica', 'Dochioiu', 14, 'cfb0273', 'dochioiu.maricica273@elev.teodornes.ro', 'gEDhx4'),
(274, 'Frusina', 'Aanei', 14, 'cfb0274', 'aanei.frusina274@elev.teodornes.ro', 'x9QMDn'),
(275, 'Cristofor', 'Suciu', 14, 'cfb0275', 'suciu.cristofor275@elev.teodornes.ro', 'qSwXNF'),
(276, 'Pompilia', 'Albu', 14, 'cfb0276', 'albu.pompilia276@elev.teodornes.ro', 'vktryk'),
(277, 'Paulina', 'Ionescu', 14, 'cfb0277', 'ionescu.paulina277@elev.teodornes.ro', '5azljj'),
(278, 'Catinca', 'Voinea', 14, 'cfb0278', 'voinea.catinca278@elev.teodornes.ro', 'TdpdM5'),
(279, 'Nadia', 'Toma', 14, 'cfb0279', 'toma.nadia279@elev.teodornes.ro', 'VjIxMx'),
(280, 'Camil', 'Diaconu', 14, 'cfb0280', 'diaconu.camil280@elev.teodornes.ro', 'WH4f6b'),
(281, 'Valentin', 'Dinu', 15, 'cfb0281', 'dinu.valentin281@elev.teodornes.ro', '8rMJca'),
(282, 'Fabia', 'Barbu', 15, 'cfb0282', 'barbu.fabia282@elev.teodornes.ro', '3PcNeH'),
(283, 'Gianina', 'Ioniță', 15, 'cfb0283', 'ioniță.gianina283@elev.teodornes.ro', 'IzCqiF'),
(284, 'Constantin', 'Diaconu', 15, 'cfb0284', 'diaconu.constantin284@elev.teodornes.ro', 'wAvLSN'),
(285, 'Romina', 'Nistor', 15, 'cfb0285', 'nistor.romina285@elev.teodornes.ro', 'xJf2bS'),
(286, 'Ghenadie', 'Stan', 15, 'cfb0286', 'stan.ghenadie286@elev.teodornes.ro', '1BLSjc'),
(287, 'Codruț', 'Cristea', 15, 'cfb0287', 'cristea.codruț287@elev.teodornes.ro', 'dI24zn'),
(288, 'Cedrin', 'Manole', 15, 'cfb0288', 'manole.cedrin288@elev.teodornes.ro', 'rWjyg7'),
(289, 'Anastasia', 'Cristea', 15, 'cfb0289', 'cristea.anastasia289@elev.teodornes.ro', '7Ys9Tg'),
(290, 'Nechifor', 'Stănescu', 15, 'cfb0290', 'stănescu.nechifor290@elev.teodornes.ro', 'HtdMk9'),
(291, 'Niculina', 'Stoica', 15, 'cfb0291', 'stoica.niculina291@elev.teodornes.ro', 'lPGgdC'),
(292, 'Ileana', 'Popa', 15, 'cfb0292', 'popa.ileana292@elev.teodornes.ro', 'QuTnml'),
(293, 'Olga', 'Dochioiu', 15, 'cfb0293', 'dochioiu.olga293@elev.teodornes.ro', 'B0fj8z'),
(294, 'Șerban', 'Popescu', 15, 'cfb0294', 'popescu.șerban294@elev.teodornes.ro', 'yo5OY2'),
(295, 'Edmond', 'Mazilescu', 15, 'cfb0295', 'mazilescu.edmond295@elev.teodornes.ro', 'dpmt1J'),
(296, 'Stanca', 'Manole', 15, 'cfb0296', 'manole.stanca296@elev.teodornes.ro', '6EyY6S'),
(297, 'Georgeta', 'Marin', 15, 'cfb0297', 'marin.georgeta297@elev.teodornes.ro', 'NLoIgn'),
(298, 'Gabriel', 'Ionescu', 15, 'cfb0298', 'ionescu.gabriel298@elev.teodornes.ro', 'xkNcHb'),
(299, 'Lucențiu', 'Albu', 15, 'cfb0299', 'albu.lucențiu299@elev.teodornes.ro', 'XlPLln'),
(300, 'Consuela', 'Manole', 15, 'cfb0300', 'manole.consuela300@elev.teodornes.ro', 'NpyxSd'),
(301, 'Silviana', 'Diaconu', 16, 'cfb0301', 'diaconu.silviana301@elev.teodornes.ro', 'mywbhs'),
(302, 'Horia', 'Aanei', 16, 'cfb0302', 'aanei.horia302@elev.teodornes.ro', 'HTILtD'),
(303, 'Barbu', 'Ardelean', 16, 'cfb0303', 'ardelean.barbu303@elev.teodornes.ro', '0B8C19'),
(304, 'Ieremia', 'Mocanu', 16, 'cfb0304', 'mocanu.ieremia304@elev.teodornes.ro', 'DkbAod'),
(305, 'Severin', 'Oprea', 16, 'cfb0305', 'oprea.severin305@elev.teodornes.ro', '7jzQ8N'),
(306, 'Lavinia', 'Gheorghiu', 16, 'cfb0306', 'gheorghiu.lavinia306@elev.teodornes.ro', 'Ddy5JK'),
(307, 'Paulescu', 'Oprea', NULL, 'cfb0307', 'oprea.paulica307@elev.teodornes.ro', 'PKEcYw'),
(308, 'Dumitrana', 'Ababei', 16, 'cfb0308', 'ababei.dumitrana308@elev.teodornes.ro', '6DmsKY'),
(309, 'Geanina', 'Ioniță', 16, 'cfb0309', 'ioniță.geanina309@elev.teodornes.ro', 'UK9Is4'),
(310, 'Lucrețiu', 'Nistor', 16, 'cfb0310', 'nistor.lucrețiu310@elev.teodornes.ro', 'tkiVnd'),
(311, 'Ludmila', 'Diaconu', 16, 'cfb0311', 'diaconu.ludmila311@elev.teodornes.ro', 'BF2MGt'),
(312, 'Dorina', 'Tomescu', 16, 'cfb0312', 'tomescu.dorina312@elev.teodornes.ro', 't12euz'),
(313, 'Georgel', 'Ionescu', 16, 'cfb0313', 'ionescu.georgel313@elev.teodornes.ro', 'EYAyUN'),
(314, 'Basarab', 'Popa', 16, 'cfb0314', 'popa.basarab314@elev.teodornes.ro', '8PVB2G'),
(315, 'Marioara', 'Pop', 16, 'cfb0315', 'pop.marioara315@elev.teodornes.ro', 'O73AlB'),
(316, 'Adi', 'Dumitrescu', 16, 'cfb0316', 'dumitrescu.adi316@elev.teodornes.ro', 'ZaV1F5'),
(317, 'Caterina', 'Gheorghiu', 16, 'cfb0317', 'gheorghiu.caterina317@elev.teodornes.ro', 'ujJLcM'),
(318, 'Ștefania', 'Preda', 16, 'cfb0318', 'preda.ștefania318@elev.teodornes.ro', 'eoiMyi'),
(319, 'Adelaida', 'Ionescu', 16, 'cfb0319', 'ionescu.adelaida319@elev.teodornes.ro', '2Ougnb'),
(320, 'Norman', 'Stănescu', 16, 'cfb0320', 'stănescu.norman320@elev.teodornes.ro', 'lBfmUI'),
(322, 'Morgovan', 'Raluca', 1, 'RL2MORG1', 'morgovanraluca2@gmail.com', 'Test123'),
(323, 'Morgovan', 'Raluca', 3, 'RCBYUHTJ', 'morgovan.raluca@elev.teodornes.ro', 'AW5mls'),
(324, 'Popescule', 'Andrei', 1, '2UM5CT3X', 'popescule.andrei@elev.teodornes.ro', '8nh5CA');

-- --------------------------------------------------------

--
-- Table structure for table `feedback`
--

DROP TABLE IF EXISTS `feedback`;
CREATE TABLE IF NOT EXISTS `feedback` (
  `id` int NOT NULL AUTO_INCREMENT,
  `cod_feedback` varchar(20) DEFAULT NULL,
  `materie_clasa_id` int DEFAULT NULL,
  `q1` int DEFAULT NULL,
  `q2` int DEFAULT NULL,
  `q3` int DEFAULT NULL,
  `q4` int DEFAULT NULL,
  `q5` int DEFAULT NULL,
  `q6` int DEFAULT NULL,
  `q7` int DEFAULT NULL,
  `q8` int DEFAULT NULL,
  `q9` int DEFAULT NULL,
  `q10` int DEFAULT NULL,
  `q11` tinyint UNSIGNED NOT NULL,
  `q12` tinyint UNSIGNED NOT NULL,
  `q13` tinyint UNSIGNED NOT NULL,
  `q14` tinyint UNSIGNED NOT NULL,
  `q15` tinyint UNSIGNED NOT NULL,
  `q16` tinyint UNSIGNED NOT NULL,
  `dorinta` text,
  `gand_profesor` text,
  `prezenta` varchar(20) DEFAULT NULL,
  `data` timestamp NULL DEFAULT CURRENT_TIMESTAMP,
  PRIMARY KEY (`id`)
) ENGINE=InnoDB AUTO_INCREMENT=12 DEFAULT CHARSET=utf8mb4 COLLATE=utf8mb4_0900_ai_ci;

--
-- Dumping data for table `feedback`
--

INSERT INTO `feedback` (`id`, `cod_feedback`, `materie_clasa_id`, `q1`, `q2`, `q3`, `q4`, `q5`, `q6`, `q7`, `q8`, `q9`, `q10`, `q11`, `q12`, `q13`, `q14`, `q15`, `q16`, `dorinta`, `gand_profesor`, `prezenta`, `data`) VALUES
(2, 'cfb0002', 1, 2, 2, 2, 2, 2, 3, 4, 4, 4, 4, 0, 0, 0, 0, 0, 0, NULL, NULL, NULL, '2025-06-09 01:36:23'),
(3, 'cfb0001', 3, 1, 2, 2, 1, 4, 3, 5, 4, 4, 4, 0, 0, 0, 0, 0, 0, NULL, NULL, NULL, '2025-06-12 23:28:25'),
(4, 'cfb0115', 60, 5, 5, 3, 3, 3, 2, 4, 4, 2, 5, 0, 0, 0, 0, 0, 0, NULL, NULL, NULL, '2025-06-14 21:48:12'),
(5, 'cfb0057', 28, 5, 4, 5, 4, 4, 5, 5, 5, 5, 5, 0, 0, 0, 0, 0, 0, NULL, NULL, NULL, '2025-06-16 12:07:49'),
(6, 'cfb0002', 3, 5, 5, 4, 5, 4, 5, 5, 5, 4, 5, 0, 0, 0, 0, 0, 0, NULL, NULL, NULL, '2025-06-16 21:10:08'),
(7, 'cfb0061', 32, 5, 5, 3, 4, 3, 4, 5, 5, 4, 5, 0, 0, 0, 0, 0, 0, NULL, NULL, NULL, '2025-06-16 21:25:27'),
(8, 'cfb0266', 135, 5, 4, 5, 5, 5, 5, 4, 5, 5, 4, 0, 0, 0, 0, 0, 0, NULL, NULL, NULL, '2025-06-16 22:13:40'),
(9, 'cfb0002', 2, 5, 4, 4, 4, 5, 4, 5, 5, 3, 5, 5, 5, 5, 5, 4, 3, 'Sa facem comunicare intre elevi mai mare', 'Sa ne provoace mai des sa ne exprim opiniile, in rest imi place cum preda, sa nu se schimbe', '>90%', '2025-06-17 13:23:53'),
(10, 'cfb0002', 8, 5, 5, 5, 5, 5, 5, 3, 5, 3, 5, 5, 5, 5, 5, 5, 3, 'Totul e bine, nu trebuie schimbat nimic', 'Sa continuie asa', '>90%', '2025-06-17 13:33:16'),
(11, 'cfb0001', 1, 5, 5, 5, 5, 5, 5, 5, 5, 5, 5, 5, 5, 5, 5, 5, 5, 'Sa ne jucam mai multe baschet', 'Ca e un profesor pe care il admir si apreciez mult.', '>90%', '2025-06-20 08:28:23');

-- --------------------------------------------------------

--
-- Table structure for table `feedback_completat`
--

DROP TABLE IF EXISTS `feedback_completat`;
CREATE TABLE IF NOT EXISTS `feedback_completat` (
  `cod_feedback` varchar(20) NOT NULL,
  `materie_clasa_id` int NOT NULL,
  PRIMARY KEY (`cod_feedback`,`materie_clasa_id`),
  KEY `materie_clasa_id` (`materie_clasa_id`)
) ENGINE=InnoDB DEFAULT CHARSET=utf8mb4 COLLATE=utf8mb4_0900_ai_ci;

--
-- Dumping data for table `feedback_completat`
--

INSERT INTO `feedback_completat` (`cod_feedback`, `materie_clasa_id`) VALUES
('cfb0001', 1),
('cfb0002', 1),
('cfb0002', 2),
('cfb0001', 3),
('cfb0002', 3),
('cfb0002', 8),
('cfb0057', 28),
('cfb0061', 32),
('cfb0115', 60),
('cfb0266', 135);

-- --------------------------------------------------------

--
-- Table structure for table `materii`
--

DROP TABLE IF EXISTS `materii`;
CREATE TABLE IF NOT EXISTS `materii` (
  `id` int NOT NULL AUTO_INCREMENT,
  `nume` varchar(100) DEFAULT NULL,
  PRIMARY KEY (`id`)
) ENGINE=InnoDB AUTO_INCREMENT=26 DEFAULT CHARSET=utf8mb4 COLLATE=utf8mb4_0900_ai_ci;

--
-- Dumping data for table `materii`
--

INSERT INTO `materii` (`id`, `nume`) VALUES
(1, 'Biologie'),
(2, 'Chimie'),
(3, 'Consiliere și Orientare'),
(4, 'Educație Fizică'),
(5, 'Educație Muzicală'),
(6, 'Educație Plastică'),
(7, 'Educație Socială'),
(8, 'Educație Vizuală'),
(9, 'Educație pentru Sănătate'),
(10, 'Engleză'),
(11, 'Fizică'),
(12, 'Franceză'),
(13, 'Geografie'),
(14, 'Informatică'),
(15, 'Istorie'),
(16, 'Latină'),
(17, 'Literatură Universală'),
(18, 'Logică'),
(19, 'Matematică'),
(20, 'Psihologie'),
(21, 'Religie'),
(22, 'Română'),
(23, 'Sociologie'),
(24, 'TIC'),
(25, 'Materie 11a');

-- --------------------------------------------------------

--
-- Table structure for table `materii_clase`
--

DROP TABLE IF EXISTS `materii_clase`;
CREATE TABLE IF NOT EXISTS `materii_clase` (
  `id` int NOT NULL AUTO_INCREMENT,
  `materie_id` int DEFAULT NULL,
  `clasa_id` int DEFAULT NULL,
  `profesor_id` int DEFAULT NULL,
  PRIMARY KEY (`id`),
  KEY `materie_id` (`materie_id`),
  KEY `clasa_id` (`clasa_id`),
  KEY `profesor_id` (`profesor_id`)
) ENGINE=InnoDB AUTO_INCREMENT=165 DEFAULT CHARSET=utf8mb4 COLLATE=utf8mb4_0900_ai_ci;

--
-- Dumping data for table `materii_clase`
--

INSERT INTO `materii_clase` (`id`, `materie_id`, `clasa_id`, `profesor_id`) VALUES
(1, 4, 1, 5),
(2, 17, 1, 11),
(3, 1, 1, 24),
(4, 19, 1, 7),
(6, 9, 1, 7),
(7, 6, 1, 20),
(8, 18, 1, 9),
(9, 14, 1, 5),
(11, 7, 2, 4),
(12, 11, 2, 20),
(13, 13, 2, 19),
(14, 23, 2, 1),
(15, 12, 2, 14),
(17, 17, 2, 1),
(18, 9, 2, 21),
(19, 15, 2, 20),
(20, 24, 2, 27),
(21, 13, 3, 7),
(22, 14, 3, 1),
(23, 19, 3, 16),
(24, 16, 3, 22),
(25, 5, 3, 11),
(26, 17, 3, 9),
(27, 23, 3, 3),
(28, 1, 3, 11),
(29, 6, 3, 5),
(30, 20, 3, 1),
(31, 22, 4, 10),
(32, 3, 4, 24),
(33, 14, 4, 9),
(34, 18, 4, 3),
(35, 21, 13, 8),
(36, 8, 4, 29),
(37, 7, 4, 30),
(38, 9, 4, 29),
(39, 1, 4, 11),
(40, 23, 4, 6),
(41, 5, 5, 30),
(42, 7, 5, 27),
(43, 15, 5, 23),
(44, 22, 5, 30),
(45, 18, 5, 17),
(46, 20, 5, 22),
(47, 1, 5, 19),
(48, 14, 5, 28),
(49, 2, 5, 9),
(50, 13, 5, 7),
(51, 23, 6, 20),
(52, 1, 6, 26),
(55, 19, 6, 13),
(56, 17, 6, 1),
(57, 16, 6, 7),
(58, 7, 6, 6),
(59, 3, 6, 28),
(60, 22, 6, 4),
(61, 5, 7, 5),
(62, 15, 7, 18),
(63, 6, 7, 27),
(64, 10, 7, 13),
(65, 17, 7, 30),
(66, 18, 7, 20),
(67, 12, 7, 9),
(68, 11, 7, 12),
(69, 9, 7, 9),
(70, 24, 7, 29),
(71, 17, 8, 17),
(72, 8, 8, 17),
(73, 18, 8, 28),
(74, 13, 8, 27),
(75, 11, 8, 7),
(76, 24, 8, 13),
(77, 23, 8, 29),
(78, 1, 8, 23),
(79, 4, 8, 6),
(80, 16, 8, 10),
(81, 4, 9, 26),
(82, 17, 9, 9),
(83, 20, 9, 9),
(84, 23, 9, 3),
(85, 21, 9, 13),
(86, 8, 9, 23),
(87, 22, 9, 28),
(88, 13, 9, 10),
(89, 9, 9, 28),
(90, 7, 9, 15),
(91, 12, 10, 6),
(92, 10, 10, 26),
(93, 5, 10, 11),
(94, 13, 10, 24),
(95, 9, 10, 29),
(96, 2, 10, 28),
(97, 7, 10, 6),
(98, 23, 10, 5),
(99, 18, 10, 24),
(100, 6, 10, 13),
(101, 21, 11, 11),
(102, 10, 11, 9),
(103, 2, 11, 2),
(104, 9, 11, 10),
(105, 3, 11, 20),
(106, 19, 11, 6),
(107, 17, 11, 30),
(108, 1, 11, 22),
(110, 15, 11, 7),
(111, 17, 12, 29),
(112, 2, 12, 28),
(113, 5, 12, 28),
(114, 8, 12, 10),
(115, 3, 12, 22),
(116, 10, 12, 30),
(117, 18, 12, 5),
(118, 4, 12, 10),
(119, 6, 12, 18),
(120, 1, 12, 11),
(121, 12, 13, 30),
(122, 6, 13, 26),
(123, 20, 13, 23),
(124, 9, 13, 1),
(125, 24, 13, 10),
(126, 5, 13, 30),
(127, 8, 13, 11),
(128, 16, 13, 13),
(129, 23, 13, 6),
(130, 1, 13, 30),
(131, 21, 14, 23),
(132, 7, 14, 4),
(133, 3, 14, 16),
(134, 19, 14, 9),
(135, 16, 14, 16),
(137, 5, 14, 9),
(139, 2, 14, 28),
(140, 20, 14, 26),
(141, 4, 15, 28),
(142, 1, 15, 17),
(143, 10, 15, 15),
(144, 16, 15, 19),
(145, 15, 15, 16),
(146, 13, 15, 30),
(147, 5, 15, 14),
(148, 23, 15, 10),
(149, 3, 15, 15),
(150, 8, 15, 15),
(151, 13, 16, 13),
(152, 11, 16, 13),
(153, 19, 16, 24),
(154, 12, 16, 14),
(155, 10, 16, 2),
(156, 8, 16, 15),
(157, 15, 4, 16),
(159, 21, 13, 8),
(163, 1, 2, 5);

-- --------------------------------------------------------

--
-- Table structure for table `profesori`
--

DROP TABLE IF EXISTS `profesori`;
CREATE TABLE IF NOT EXISTS `profesori` (
  `id` int NOT NULL AUTO_INCREMENT,
  `nume` varchar(100) DEFAULT NULL,
  `email` varchar(100) DEFAULT NULL,
  `parola` varchar(255) DEFAULT NULL,
  PRIMARY KEY (`id`),
  UNIQUE KEY `email` (`email`)
) ENGINE=InnoDB AUTO_INCREMENT=35 DEFAULT CHARSET=utf8mb4 COLLATE=utf8mb4_0900_ai_ci;

--
-- Dumping data for table `profesori`
--

INSERT INTO `profesori` (`id`, `nume`, `email`, `parola`) VALUES
(1, 'Floarea Oprea', 'oprea.floarea@prof.teodornes.ro', 'gI86tp'),
(2, 'Teodora Marin', 'marin.teodora@prof.teodornes.ro', 'jzouiE'),
(3, 'Darius Manole', 'manole.darius@prof.teodornes.ro', '2FNvxh'),
(4, 'Mariana Stoica', 'stoica.mariana@prof.teodornes.ro', 'iCqN5a'),
(5, 'Marcela Nistor', 'nistor.marcela@prof.teodornes.ro', '2URgwl'),
(6, 'Sânziana Popa', 'popa.sânziana@prof.teodornes.ro', 'LlTFs9'),
(7, 'Agnos Tudor', 'tudor.agnos@prof.teodornes.ro', 'ounFB5'),
(8, 'Gabriel Albuuuu', 'albu.gabriel@prof.teodornes.ro', 'xjcPBQ'),
(9, 'Gheorghiță Stănescu', 'stănescu.gheorghiță@prof.teodornes.ro', 'YnraO1'),
(10, 'Dana Oprea', 'oprea.dana@prof.teodornes.ro', 'spGtrW'),
(11, 'Ionică Pop', 'pop.ionică@prof.teodornes.ro', 'dB5Bru'),
(12, 'Felicia Nistor', 'nistor.felicia@prof.teodornes.ro', 'sU2kUb'),
(13, 'Cecilia Popa', 'popa.cecilia@prof.teodornes.ro', 'tak1Jm'),
(14, 'Svetlana Tabacu', 'tabacu.svetlana@prof.teodornes.ro', '2OaNQV'),
(15, 'Valter Cristea', 'cristea.valter@prof.teodornes.ro', 'dP0rqH'),
(16, 'Iustinian Nemeș', 'nemeș.iustinian@prof.teodornes.ro', 'b11pj1'),
(17, 'Silvian Popescu', 'popescu.silvian@prof.teodornes.ro', 'RoTS17'),
(18, 'Romulus Barbu', 'barbu.romulus@prof.teodornes.ro', '1bc0SO'),
(19, 'Sorin Voinea', 'voinea.sorin@prof.teodornes.ro', 'TO3sbP'),
(20, 'Luiza Cristea', 'cristea.luiza@prof.teodornes.ro', 'nhJd3M'),
(21, 'Daiana Toma', 'toma.daiana@prof.teodornes.ro', 'h3ecbc'),
(22, 'Costache Dobre', 'dobre.costache@prof.teodornes.ro', 'RoqJVR'),
(23, 'Anda Albu', 'albu.anda@prof.teodornes.ro', '4mk30m'),
(24, 'Beatrice Ionescu', 'ionescu.beatrice@prof.teodornes.ro', 'YWOtZV'),
(26, 'Marta Pușcașu', 'pușcașu.marta@prof.teodornes.ro', 'odWqJo'),
(27, 'Mihail Voinea', 'voinea.mihail@prof.teodornes.ro', 'ZEgdzm'),
(28, 'Henrieta Dochioiu', 'dochioiu.henrieta@prof.teodornes.ro', 'wcPokN'),
(29, 'Rareș Nemeș', 'nemeș.rareș@prof.teodornes.ro', 'Ps0Caj'),
(30, 'George Stănescu', 'stănescu.george@prof.teodornes.ro', 'wCDXPc'),
(34, 'Popescu Ion', 'popescu.ion@prof.teodornes.ro', 'parola123');

-- --------------------------------------------------------

--
-- Table structure for table `profiluri`
--

DROP TABLE IF EXISTS `profiluri`;
CREATE TABLE IF NOT EXISTS `profiluri` (
  `id` int NOT NULL AUTO_INCREMENT,
  `nume` varchar(50) NOT NULL,
  PRIMARY KEY (`id`)
) ENGINE=InnoDB AUTO_INCREMENT=5 DEFAULT CHARSET=utf8mb4 COLLATE=utf8mb4_0900_ai_ci;

--
-- Dumping data for table `profiluri`
--

INSERT INTO `profiluri` (`id`, `nume`) VALUES
(1, 'Mate-Info intensiv Informatică'),
(2, 'Mate-Info intensiv Engleză'),
(3, 'Filologie'),
(4, 'Științe Sociale');

-- --------------------------------------------------------

--
-- Table structure for table `stare_feedback`
--

DROP TABLE IF EXISTS `stare_feedback`;
CREATE TABLE IF NOT EXISTS `stare_feedback` (
  `id` int NOT NULL,
  `activ` tinyint(1) NOT NULL,
  `data_inchidere` datetime DEFAULT NULL,
  PRIMARY KEY (`id`)
) ENGINE=InnoDB DEFAULT CHARSET=utf8mb4 COLLATE=utf8mb4_0900_ai_ci;

--
-- Dumping data for table `stare_feedback`
--

INSERT INTO `stare_feedback` (`id`, `activ`, `data_inchidere`) VALUES
(1, 1, '2025-06-13 11:25:00');

-- --------------------------------------------------------

--
-- Table structure for table `utilizatori`
--

DROP TABLE IF EXISTS `utilizatori`;
CREATE TABLE IF NOT EXISTS `utilizatori` (
  `id` int NOT NULL AUTO_INCREMENT,
  `email` varchar(100) DEFAULT NULL,
  `parola` varchar(255) DEFAULT NULL,
  `rol` enum('elev','profesor','secretara','director') DEFAULT NULL,
  PRIMARY KEY (`id`),
  UNIQUE KEY `email` (`email`)
) ENGINE=InnoDB AUTO_INCREMENT=353 DEFAULT CHARSET=utf8mb4 COLLATE=utf8mb4_0900_ai_ci;

--
-- Dumping data for table `utilizatori`
--

INSERT INTO `utilizatori` (`id`, `email`, `parola`, `rol`) VALUES
(1, 'gheorghiu.anamaria1@elev.teodornes.ro', 'dGINyW', 'elev'),
(2, 'dima.luciana2@elev.teodornes.ro', 'rt7A0a', 'elev'),
(3, 'cristea.leordean3@elev.teodornes.ro', 'QjbyGd', 'elev'),
(4, 'ababei.andreea4@elev.teodornes.ro', '3rMH9d', 'elev'),
(5, 'ene.loredana5@elev.teodornes.ro', 'Da3TnC', 'elev'),
(6, 'dumitrescu.matei6@elev.teodornes.ro', 'nR59Ys', 'elev'),
(7, 'oprea.lorena7@elev.teodornes.ro', 'OmzoVM', 'elev'),
(8, 'dobre.agata8@elev.teodornes.ro', '3zYLBu', 'elev'),
(9, 'gheorghiu.ștefania9@elev.teodornes.ro', 'CVM8GH', 'elev'),
(10, 'marin.liliana10@elev.teodornes.ro', 'wfB9qg', 'elev'),
(11, 'nemeș.cosmina11@elev.teodornes.ro', 'UTdNbM', 'elev'),
(12, 'mazilescu.vasilica12@elev.teodornes.ro', 'RgcymL', 'elev'),
(13, 'pop.ariana13@elev.teodornes.ro', 'CVPzme', 'elev'),
(14, 'cristea.zina14@elev.teodornes.ro', '5Afh47', 'elev'),
(15, 'tabacu.simi15@elev.teodornes.ro', 'chH6g5', 'elev'),
(16, 'dumitrescu.nichifor16@elev.teodornes.ro', 'WsIwkf', 'elev'),
(17, 'tudor.aristița17@elev.teodornes.ro', 'tRr2jh', 'elev'),
(18, 'cristea.petronela18@elev.teodornes.ro', '54eEzy', 'elev'),
(19, 'nemeș.daniela19@elev.teodornes.ro', 'YRutKh', 'elev'),
(20, 'toma.dan20@elev.teodornes.ro', 'uSVNCa', 'elev'),
(21, 'mocanu.georgiana21@elev.teodornes.ro', 'zM3UJw', 'elev'),
(22, 'tudor.letiția22@elev.teodornes.ro', 'FK4T9g', 'elev'),
(23, 'barbu.valentin23@elev.teodornes.ro', '4nnSb1', 'elev'),
(24, 'florea.iustinian24@elev.teodornes.ro', 'HmP5lc', 'elev'),
(25, 'nemeș.dorian25@elev.teodornes.ro', 'SWAuCz', 'elev'),
(26, 'stancu.theodor26@elev.teodornes.ro', 'Ny9Mak', 'elev'),
(27, 'ardelean.simina27@elev.teodornes.ro', 'Ei0U4o', 'elev'),
(28, 'manole.andreea28@elev.teodornes.ro', '4rT3G4', 'elev'),
(29, 'barbu.nicoleta29@elev.teodornes.ro', 'CjSNwB', 'elev'),
(30, 'manole.mihnea30@elev.teodornes.ro', 'AjOq4y', 'elev'),
(31, 'popescu.vincențiu31@elev.teodornes.ro', 'JGEkAY', 'elev'),
(32, 'pop.titus32@elev.teodornes.ro', 'KiJEDR', 'elev'),
(33, 'dima.narcisa33@elev.teodornes.ro', '8dGNXu', 'elev'),
(34, 'stan.matei34@elev.teodornes.ro', 'jjQJaG', 'elev'),
(35, 'niță.nicușor35@elev.teodornes.ro', 'hALezU', 'elev'),
(36, 'ene.veronica36@elev.teodornes.ro', 'hsFb5b', 'elev'),
(37, 'popescu.grigore37@elev.teodornes.ro', 'VnwcT2', 'elev'),
(38, 'diaconu.astrid38@elev.teodornes.ro', '9rjlZo', 'elev'),
(39, 'dobre.silviu39@elev.teodornes.ro', '2Mpund', 'elev'),
(40, 'barbu.panagachie40@elev.teodornes.ro', 'KLOkDJ', 'elev'),
(41, 'suciu.adam41@elev.teodornes.ro', 'XEaYFA', 'elev'),
(42, 'georgescu.irinel42@elev.teodornes.ro', 'EYMT2Z', 'elev'),
(43, 'voinea.domnica43@elev.teodornes.ro', 'e3KR3B', 'elev'),
(44, 'marin.tiberiu44@elev.teodornes.ro', '9M0rbp', 'elev'),
(45, 'niță.rada45@elev.teodornes.ro', 'dDq6Ux', 'elev'),
(46, 'aanei.dan46@elev.teodornes.ro', 'y6DCrB', 'elev'),
(47, 'dochioiu.ghenadie47@elev.teodornes.ro', '6efSVD', 'elev'),
(48, 'ioniță.severin48@elev.teodornes.ro', 'L1nDhr', 'elev'),
(49, 'mocanu.floriana49@elev.teodornes.ro', 'DOciZo', 'elev'),
(50, 'pușcașu.lascăr50@elev.teodornes.ro', '5hFvqa', 'elev'),
(51, 'manole.pavel51@elev.teodornes.ro', 'CMDpno', 'elev'),
(52, 'diaconu.amalia52@elev.teodornes.ro', 'TTPZus', 'elev'),
(53, 'florea.roza53@elev.teodornes.ro', 'VpKzYj', 'elev'),
(54, 'stoica.marilena54@elev.teodornes.ro', 'FlTob0', 'elev'),
(55, 'popescu.codruța55@elev.teodornes.ro', '90A0ID', 'elev'),
(56, 'dima.iustin56@elev.teodornes.ro', 'VB7NLT', 'elev'),
(57, 'popa.vladimir57@elev.teodornes.ro', 'ZMRzCZ', 'elev'),
(58, 'pușcașu.narcisa58@elev.teodornes.ro', 'ZSJoo3', 'elev'),
(59, 'stan.liana59@elev.teodornes.ro', 'J0Ctbr', 'elev'),
(60, 'nistor.sabrina60@elev.teodornes.ro', 'tVlyQD', 'elev'),
(61, 'pușcașu.codruț61@elev.teodornes.ro', 'igk9tr', 'elev'),
(62, 'florea.dumitra62@elev.teodornes.ro', '2U97RT', 'elev'),
(63, 'marin.carla63@elev.teodornes.ro', 'SZg7xJ', 'elev'),
(64, 'stancu.octav64@elev.teodornes.ro', 'nxkpcp', 'elev'),
(65, 'ene.octav65@elev.teodornes.ro', 'fJCEbs', 'elev'),
(66, 'toma.catinca66@elev.teodornes.ro', 'EFo8vk', 'elev'),
(67, 'barbu.magdalena67@elev.teodornes.ro', '30cxpe', 'elev'),
(68, 'barbu.sorina68@elev.teodornes.ro', 'znOUG2', 'elev'),
(69, 'tudor.olimpia69@elev.teodornes.ro', 'lETtlo', 'elev'),
(70, 'stan.lili70@elev.teodornes.ro', '303Kcu', 'elev'),
(71, 'stoica.mitruț71@elev.teodornes.ro', 'OMk73E', 'elev'),
(72, 'popa.marinela72@elev.teodornes.ro', 'cjjMNB', 'elev'),
(73, 'diaconescu.iuliana73@elev.teodornes.ro', 'ZdzTum', 'elev'),
(74, 'niță.vlad74@elev.teodornes.ro', 'BteFFn', 'elev'),
(75, 'nistor.bucur75@elev.teodornes.ro', 'L7QLzL', 'elev'),
(76, 'voinea.aurora76@elev.teodornes.ro', '438xO0', 'elev'),
(77, 'nistor.brândușa77@elev.teodornes.ro', '4NZd9J', 'elev'),
(78, 'florea.dida78@elev.teodornes.ro', '42gBMt', 'elev'),
(79, 'stan.iuliana79@elev.teodornes.ro', 'TxUmWk', 'elev'),
(80, 'niță.evanghelina80@elev.teodornes.ro', 'CJEn9L', 'elev'),
(81, 'pop.olimpia81@elev.teodornes.ro', 'roI7dZ', 'elev'),
(82, 'oprea.celia82@elev.teodornes.ro', 'wDBqBt', 'elev'),
(83, 'tomescu.aura83@elev.teodornes.ro', 'DIRI4T', 'elev'),
(84, 'florea.crenguța84@elev.teodornes.ro', 'coJ007', 'elev'),
(85, 'popescu.arsenie85@elev.teodornes.ro', 'rQb6Do', 'elev'),
(86, 'nistor.ligia86@elev.teodornes.ro', 'o99NcW', 'elev'),
(87, 'nemeș.gherghina87@elev.teodornes.ro', 'siuofU', 'elev'),
(88, 'georgescu.alexandru88@elev.teodornes.ro', 'YLyxTM', 'elev'),
(89, 'niță.patricia89@elev.teodornes.ro', 'NPNhsB', 'elev'),
(90, 'dumitrescu.florina90@elev.teodornes.ro', 'sRUOLb', 'elev'),
(91, 'ardelean.livia91@elev.teodornes.ro', 'wHwLJt', 'elev'),
(92, 'ardelean.salomea92@elev.teodornes.ro', 'jvI922', 'elev'),
(93, 'popa.nicușor93@elev.teodornes.ro', 'ImjqOB', 'elev'),
(94, 'preda.betina94@elev.teodornes.ro', 'jWRYAp', 'elev'),
(95, 'barbu.irina95@elev.teodornes.ro', 'rmLEpC', 'elev'),
(96, 'nistor.marcheta96@elev.teodornes.ro', 'syEgzL', 'elev'),
(97, 'florea.mitică97@elev.teodornes.ro', '2aQRnt', 'elev'),
(98, 'cristea.sandu98@elev.teodornes.ro', 'HzGMY5', 'elev'),
(99, 'stănescu.visarion99@elev.teodornes.ro', 'NpAeYl', 'elev'),
(100, 'eftimie.mona100@elev.teodornes.ro', 'kpAzKr', 'elev'),
(101, 'georgescu.mariana101@elev.teodornes.ro', 'Y0Qzuc', 'elev'),
(102, 'tudor.elvira102@elev.teodornes.ro', 'u9B6Bx', 'elev'),
(103, 'manole.decebal103@elev.teodornes.ro', 'ZWBLKy', 'elev'),
(104, 'pop.aida104@elev.teodornes.ro', 'pJNrqP', 'elev'),
(105, 'stan.cătălina105@elev.teodornes.ro', 'R4VR9a', 'elev'),
(106, 'georgescu.giorgian106@elev.teodornes.ro', 'e2wc4u', 'elev'),
(107, 'barbu.timea107@elev.teodornes.ro', 'rIpawB', 'elev'),
(108, 'ionescu.viviana108@elev.teodornes.ro', 'ZpDAVt', 'elev'),
(109, 'stan.codruț109@elev.teodornes.ro', 'klmIAj', 'elev'),
(110, 'tomescu.răducu110@elev.teodornes.ro', 'CKLQPA', 'elev'),
(111, 'ioniță.manole111@elev.teodornes.ro', 'psur6n', 'elev'),
(112, 'georgescu.erica112@elev.teodornes.ro', 'YzdkYw', 'elev'),
(113, 'stancu.despina113@elev.teodornes.ro', 'fA2QXl', 'elev'),
(114, 'ionescu.nora114@elev.teodornes.ro', 'QlBXv6', 'elev'),
(115, 'eftimie.tatiana115@elev.teodornes.ro', 'xL0Acl', 'elev'),
(116, 'popescu.gicu116@elev.teodornes.ro', 'M1qCGZ', 'elev'),
(117, 'cristea.aurelia117@elev.teodornes.ro', 'jWXSnf', 'elev'),
(118, 'albu.ofelia118@elev.teodornes.ro', 'bUiqIS', 'elev'),
(119, 'dima.stanca119@elev.teodornes.ro', 'v4724P', 'elev'),
(120, 'oprea.georgia120@elev.teodornes.ro', 'QbUFY2', 'elev'),
(121, 'aanei.matei121@elev.teodornes.ro', 'Q6FaCT', 'elev'),
(122, 'dinu.celia122@elev.teodornes.ro', 'aeoMUJ', 'elev'),
(123, 'stănescu.viviana123@elev.teodornes.ro', 'LVsbBT', 'elev'),
(124, 'dima.călin124@elev.teodornes.ro', 'dn4igu', 'elev'),
(125, 'mocanu.rozalia125@elev.teodornes.ro', 'Sc9x5I', 'elev'),
(126, 'eftimie.varvara126@elev.teodornes.ro', 'Hs16ny', 'elev'),
(127, 'mazilescu.dariana127@elev.teodornes.ro', 'iYGzcE', 'elev'),
(128, 'dinu.sandu128@elev.teodornes.ro', 'hkgTE8', 'elev'),
(129, 'dochioiu.georgiana129@elev.teodornes.ro', 'MGTggf', 'elev'),
(130, 'dochioiu.anamaria130@elev.teodornes.ro', '7Yeg4m', 'elev'),
(131, 'tudor.avram131@elev.teodornes.ro', '0NDqIY', 'elev'),
(132, 'dobre.natașa132@elev.teodornes.ro', 'IicXSS', 'elev'),
(133, 'albu.adelin133@elev.teodornes.ro', 'DF9QqQ', 'elev'),
(134, 'dumitrescu.lucia134@elev.teodornes.ro', 'IvtGHQ', 'elev'),
(135, 'ioniță.tinca135@elev.teodornes.ro', '7BZncK', 'elev'),
(136, 'ababei.luciana136@elev.teodornes.ro', 'PGBhwL', 'elev'),
(137, 'marin.angel137@elev.teodornes.ro', 'ratDBB', 'elev'),
(138, 'gheorghiu.caterina138@elev.teodornes.ro', 'd7262H', 'elev'),
(139, 'preda.tiberiu139@elev.teodornes.ro', 'ZcpNOK', 'elev'),
(140, 'marin.jean140@elev.teodornes.ro', 'Y6B6nm', 'elev'),
(141, 'georgescu.dora141@elev.teodornes.ro', 'DYuIKs', 'elev'),
(142, 'georgescu.nicolae142@elev.teodornes.ro', 'G0C2xZ', 'elev'),
(143, 'suciu.dida143@elev.teodornes.ro', 'M3KtQX', 'elev'),
(144, 'manole.teodora144@elev.teodornes.ro', 'TTUNi0', 'elev'),
(145, 'preda.pleșu145@elev.teodornes.ro', 'vmlyNF', 'elev'),
(146, 'stoica.adrian146@elev.teodornes.ro', 'bCSxJM', 'elev'),
(147, 'albu.mina147@elev.teodornes.ro', 'e8K4g2', 'elev'),
(148, 'pușcașu.adela148@elev.teodornes.ro', '1RieXM', 'elev'),
(149, 'niță.vicenția149@elev.teodornes.ro', 'k6YdXx', 'elev'),
(150, 'tabacu.sorina150@elev.teodornes.ro', 'Z0t44k', 'elev'),
(151, 'diaconu.zeno151@elev.teodornes.ro', 'aT9qMt', 'elev'),
(152, 'ioniță.grațian152@elev.teodornes.ro', 'VlTFee', 'elev'),
(153, 'nistor.smaranda153@elev.teodornes.ro', '98WPQG', 'elev'),
(154, 'dima.manole154@elev.teodornes.ro', '3FWr8e', 'elev'),
(155, 'tudor.bernard155@elev.teodornes.ro', 'Rxwrw4', 'elev'),
(156, 'tabacu.ica156@elev.teodornes.ro', 'dg6Bvg', 'elev'),
(157, 'stancu.aristide157@elev.teodornes.ro', 'AHeeKo', 'elev'),
(158, 'ionescu.romina158@elev.teodornes.ro', 'LSNDBc', 'elev'),
(159, 'stănescu.călin159@elev.teodornes.ro', 'S4rZU1', 'elev'),
(160, 'oprea.doru160@elev.teodornes.ro', '4gPDD6', 'elev'),
(161, 'preda.ligia161@elev.teodornes.ro', '9V0GjQ', 'elev'),
(162, 'tudor.grațiela162@elev.teodornes.ro', 'sXxc9v', 'elev'),
(163, 'preda.pamela163@elev.teodornes.ro', '6qqrGY', 'elev'),
(164, 'florea.crenguța164@elev.teodornes.ro', 'kEbOWC', 'elev'),
(165, 'dumitrescu.ludmila165@elev.teodornes.ro', 'R12opT', 'elev'),
(166, 'albu.anamaria166@elev.teodornes.ro', '0KdnW2', 'elev'),
(167, 'tabacu.emanuil167@elev.teodornes.ro', 'utbH0h', 'elev'),
(168, 'nistor.darius168@elev.teodornes.ro', 'oOR4KV', 'elev'),
(169, 'popescu.adonis169@elev.teodornes.ro', 'tzqx28', 'elev'),
(170, 'dinu.marioara170@elev.teodornes.ro', 'bqsIEN', 'elev'),
(171, 'niță.despina171@elev.teodornes.ro', 'CkLpIG', 'elev'),
(172, 'pușcașu.ilinca172@elev.teodornes.ro', 'uLzqi4', 'elev'),
(173, 'stancu.aura173@elev.teodornes.ro', 'qcFXUR', 'elev'),
(174, 'pop.dumitrana174@elev.teodornes.ro', 'ridu4p', 'elev'),
(175, 'tudor.dorinel175@elev.teodornes.ro', '4THrmI', 'elev'),
(176, 'tabacu.cosmin176@elev.teodornes.ro', 'K8EgKn', 'elev'),
(177, 'oprea.lorin177@elev.teodornes.ro', 'NifG3G', 'elev'),
(178, 'oprea.emanuil178@elev.teodornes.ro', 'JDFWCN', 'elev'),
(179, 'toma.mălina179@elev.teodornes.ro', 'Z9Mv6u', 'elev'),
(180, 'popescu.ilie180@elev.teodornes.ro', 'Rq8a10', 'elev'),
(181, 'oprea.octavia181@elev.teodornes.ro', 'PPE3tt', 'elev'),
(182, 'florea.patricia182@elev.teodornes.ro', 'WEf5WZ', 'elev'),
(183, 'manole.steliana183@elev.teodornes.ro', 'SLrrUR', 'elev'),
(184, 'dinu.eusebia184@elev.teodornes.ro', 'RM8yBv', 'elev'),
(185, 'dinu.adi185@elev.teodornes.ro', 'iEzzmU', 'elev'),
(186, 'nistor.carla186@elev.teodornes.ro', 'ho1lH5', 'elev'),
(187, 'stan.sorina187@elev.teodornes.ro', 'rMlX9B', 'elev'),
(188, 'ardelean.basarab188@elev.teodornes.ro', 'EZ5LIl', 'elev'),
(189, 'nemeș.bernard189@elev.teodornes.ro', 'G1jf3u', 'elev'),
(190, 'nemeș.nechifor190@elev.teodornes.ro', 'EUJhCA', 'elev'),
(191, 'mazilescu.agata191@elev.teodornes.ro', '4vvGwJ', 'elev'),
(192, 'nistor.alexandru192@elev.teodornes.ro', 'lhl3kv', 'elev'),
(193, 'ene.flaviu193@elev.teodornes.ro', 'jNNpvu', 'elev'),
(194, 'popescu.codin194@elev.teodornes.ro', 'M0WNMD', 'elev'),
(195, 'marin.alex195@elev.teodornes.ro', 'z6UGu3', 'elev'),
(196, 'pop.gianina196@elev.teodornes.ro', 'JyowLl', 'elev'),
(197, 'stan.sebastian197@elev.teodornes.ro', 'DUdtry', 'elev'),
(198, 'stănescu.amedeu198@elev.teodornes.ro', 'mdS3X6', 'elev'),
(199, 'tomescu.cleopatra199@elev.teodornes.ro', 'iD836G', 'elev'),
(200, 'pop.estera200@elev.teodornes.ro', 'SONJis', 'elev'),
(201, 'georgescu.aura201@elev.teodornes.ro', 'J3mbXB', 'elev'),
(202, 'eftimie.sofia202@elev.teodornes.ro', 'jGLp0Q', 'elev'),
(203, 'marin.smaranda203@elev.teodornes.ro', '0B6RQ6', 'elev'),
(204, 'nistor.olga204@elev.teodornes.ro', 'jDKNNU', 'elev'),
(205, 'popa.claudia205@elev.teodornes.ro', 'P5Pie4', 'elev'),
(206, 'ardelean.lascăr206@elev.teodornes.ro', 'ouKjce', 'elev'),
(207, 'tomescu.lucreția207@elev.teodornes.ro', '743MEk', 'elev'),
(208, 'albu.vasilică208@elev.teodornes.ro', 'B6LaN2', 'elev'),
(209, 'dumitrescu.mălina209@elev.teodornes.ro', '8VH5lQ', 'elev'),
(210, 'dinu.sava210@elev.teodornes.ro', 'pWHSm1', 'elev'),
(211, 'popa.eliana211@elev.teodornes.ro', '7zr2Io', 'elev'),
(212, 'eftimie.mădălin212@elev.teodornes.ro', 'WadTDx', 'elev'),
(213, 'mocanu.mioara213@elev.teodornes.ro', 'j72vj1', 'elev'),
(214, 'suciu.pleșu214@elev.teodornes.ro', '3ODMhY', 'elev'),
(215, 'ioniță.geta215@elev.teodornes.ro', '0QZSBh', 'elev'),
(216, 'ababei.nicoară216@elev.teodornes.ro', 'IecKxD', 'elev'),
(217, 'voinea.nechifor217@elev.teodornes.ro', 'H6xisH', 'elev'),
(218, 'dumitrescu.andrei218@elev.teodornes.ro', 'uliVtZ', 'elev'),
(219, 'toma.olimpiu219@elev.teodornes.ro', 'UxKOpP', 'elev'),
(220, 'ioniță.daria220@elev.teodornes.ro', 'ZdMOLQ', 'elev'),
(221, 'albu.mihail221@elev.teodornes.ro', 'h3GGY9', 'elev'),
(222, 'niță.iustin222@elev.teodornes.ro', 'S59oN2', 'elev'),
(223, 'preda.casiana223@elev.teodornes.ro', 'hzT2yH', 'elev'),
(224, 'nistor.alexandra224@elev.teodornes.ro', 'iq1x5u', 'elev'),
(225, 'niță.denisa225@elev.teodornes.ro', '7M7uxK', 'elev'),
(226, 'pop.șerban226@elev.teodornes.ro', 'OHZN03', 'elev'),
(227, 'dochioiu.claudiu227@elev.teodornes.ro', 'dyGyGr', 'elev'),
(228, 'stan.robert228@elev.teodornes.ro', '3gB3hv', 'elev'),
(229, 'niță.doru229@elev.teodornes.ro', 'OycDwB', 'elev'),
(230, 'florea.silvia230@elev.teodornes.ro', 'Z1vkrp', 'elev'),
(231, 'oprea.olimpia231@elev.teodornes.ro', 'cHvW9p', 'elev'),
(232, 'stoica.dorinel232@elev.teodornes.ro', 'bZ9OUY', 'elev'),
(233, 'ababei.steluța233@elev.teodornes.ro', 'gYrpks', 'elev'),
(234, 'dochioiu.simina234@elev.teodornes.ro', '0TaWDA', 'elev'),
(235, 'mazilescu.lidia235@elev.teodornes.ro', 'jWT9Re', 'elev'),
(236, 'gheorghiu.ștefania236@elev.teodornes.ro', 'sqxP0L', 'elev'),
(237, 'aanei.marcu237@elev.teodornes.ro', '29M6SN', 'elev'),
(238, 'florea.codruța238@elev.teodornes.ro', 't65WNh', 'elev'),
(239, 'stancu.florea239@elev.teodornes.ro', 'bF6OvA', 'elev'),
(240, 'tomescu.emil240@elev.teodornes.ro', 'uMkNZf', 'elev'),
(241, 'ababei.cristea241@elev.teodornes.ro', 'Gcs39s', 'elev'),
(242, 'ene.rafila242@elev.teodornes.ro', 'QEWjXq', 'elev'),
(243, 'ioniță.marioara243@elev.teodornes.ro', 'RAw1Qc', 'elev'),
(244, 'stancu.emanoil244@elev.teodornes.ro', 'vB9z9R', 'elev'),
(245, 'stancu.camil245@elev.teodornes.ro', 'mQj0UO', 'elev'),
(246, 'pop.tudora246@elev.teodornes.ro', 'FOD71t', 'elev'),
(247, 'georgescu.roxelana247@elev.teodornes.ro', 'n1a7Tt', 'elev'),
(248, 'dumitrescu.dumitra248@elev.teodornes.ro', '4EJqmG', 'elev'),
(249, 'stan.draga249@elev.teodornes.ro', 'dCoVZe', 'elev'),
(250, 'eftimie.ivona250@elev.teodornes.ro', '6XUmFU', 'elev'),
(251, 'stănescu.ofelia251@elev.teodornes.ro', 'lmtipp', 'elev'),
(252, 'dumitrescu.dana252@elev.teodornes.ro', 'h3FBam', 'elev'),
(253, 'mocanu.luiza253@elev.teodornes.ro', '2ztGqF', 'elev'),
(254, 'aanei.rodica254@elev.teodornes.ro', 'Xu36Fi', 'elev'),
(255, 'albu.oana255@elev.teodornes.ro', 'NFpFKP', 'elev'),
(256, 'ionescu.ludovic256@elev.teodornes.ro', 'YS2wf9', 'elev'),
(257, 'popescu.teofil257@elev.teodornes.ro', 'fS3h5c', 'elev'),
(258, 'stoica.alexandra258@elev.teodornes.ro', '8CNSHP', 'elev'),
(259, 'popa.edgar259@elev.teodornes.ro', 'RbVLz6', 'elev'),
(260, 'dochioiu.ștefania260@elev.teodornes.ro', 'z8myLR', 'elev'),
(261, 'popa.mihaela261@elev.teodornes.ro', 'QDcP1m', 'elev'),
(262, 'nistor.carmen262@elev.teodornes.ro', 'h9RRVL', 'elev'),
(263, 'stoica.cătălina263@elev.teodornes.ro', 'tgqnsN', 'elev'),
(264, 'dinu.florentina264@elev.teodornes.ro', 'Ao3Ncm', 'elev'),
(265, 'florea.codruța265@elev.teodornes.ro', 'tRDCKc', 'elev'),
(266, 'nistor.marin266@elev.teodornes.ro', 'ldSB4G', 'elev'),
(267, 'nemeș.ioan267@elev.teodornes.ro', 'nLZs8l', 'elev'),
(268, 'ioniță.cosmin268@elev.teodornes.ro', 'RNdN09', 'elev'),
(269, 'stoica.roxana269@elev.teodornes.ro', 'dqxZsb', 'elev'),
(270, 'diaconescu.rareș270@elev.teodornes.ro', 'KqQjj0', 'elev'),
(271, 'eftimie.severin271@elev.teodornes.ro', 'JgF0L4', 'elev'),
(272, 'cristea.vlaicu272@elev.teodornes.ro', 'J8WcDe', 'elev'),
(273, 'dochioiu.maricica273@elev.teodornes.ro', 'gEDhx4', 'elev'),
(274, 'aanei.frusina274@elev.teodornes.ro', 'x9QMDn', 'elev'),
(275, 'suciu.cristofor275@elev.teodornes.ro', 'qSwXNF', 'elev'),
(276, 'albu.pompilia276@elev.teodornes.ro', 'vktryk', 'elev'),
(277, 'ionescu.paulina277@elev.teodornes.ro', '5azljj', 'elev'),
(278, 'voinea.catinca278@elev.teodornes.ro', 'TdpdM5', 'elev'),
(279, 'toma.nadia279@elev.teodornes.ro', 'VjIxMx', 'elev'),
(280, 'diaconu.camil280@elev.teodornes.ro', 'WH4f6b', 'elev'),
(281, 'dinu.valentin281@elev.teodornes.ro', '8rMJca', 'elev'),
(282, 'barbu.fabia282@elev.teodornes.ro', '3PcNeH', 'elev'),
(283, 'ioniță.gianina283@elev.teodornes.ro', 'IzCqiF', 'elev'),
(284, 'diaconu.constantin284@elev.teodornes.ro', 'wAvLSN', 'elev'),
(285, 'nistor.romina285@elev.teodornes.ro', 'xJf2bS', 'elev'),
(286, 'stan.ghenadie286@elev.teodornes.ro', '1BLSjc', 'elev'),
(287, 'cristea.codruț287@elev.teodornes.ro', 'dI24zn', 'elev'),
(288, 'manole.cedrin288@elev.teodornes.ro', 'rWjyg7', 'elev'),
(289, 'cristea.anastasia289@elev.teodornes.ro', '7Ys9Tg', 'elev'),
(290, 'stănescu.nechifor290@elev.teodornes.ro', 'HtdMk9', 'elev'),
(291, 'stoica.niculina291@elev.teodornes.ro', 'lPGgdC', 'elev'),
(292, 'popa.ileana292@elev.teodornes.ro', 'QuTnml', 'elev'),
(293, 'dochioiu.olga293@elev.teodornes.ro', 'B0fj8z', 'elev'),
(294, 'popescu.șerban294@elev.teodornes.ro', 'yo5OY2', 'elev'),
(295, 'mazilescu.edmond295@elev.teodornes.ro', 'dpmt1J', 'elev'),
(296, 'manole.stanca296@elev.teodornes.ro', '6EyY6S', 'elev'),
(297, 'marin.georgeta297@elev.teodornes.ro', 'NLoIgn', 'elev'),
(298, 'ionescu.gabriel298@elev.teodornes.ro', 'xkNcHb', 'elev'),
(299, 'albu.lucențiu299@elev.teodornes.ro', 'XlPLln', 'elev'),
(300, 'manole.consuela300@elev.teodornes.ro', 'NpyxSd', 'elev'),
(301, 'diaconu.silviana301@elev.teodornes.ro', 'mywbhs', 'elev'),
(302, 'aanei.horia302@elev.teodornes.ro', 'HTILtD', 'elev'),
(303, 'ardelean.barbu303@elev.teodornes.ro', '0B8C19', 'elev'),
(304, 'mocanu.ieremia304@elev.teodornes.ro', 'DkbAod', 'elev'),
(305, 'oprea.severin305@elev.teodornes.ro', '7jzQ8N', 'elev'),
(306, 'gheorghiu.lavinia306@elev.teodornes.ro', 'Ddy5JK', 'elev'),
(307, 'oprea.paulica307@elev.teodornes.ro', 'PKEcYw', 'elev'),
(308, 'ababei.dumitrana308@elev.teodornes.ro', '6DmsKY', 'elev'),
(309, 'ioniță.geanina309@elev.teodornes.ro', 'UK9Is4', 'elev'),
(310, 'nistor.lucrețiu310@elev.teodornes.ro', 'tkiVnd', 'elev'),
(311, 'diaconu.ludmila311@elev.teodornes.ro', 'BF2MGt', 'elev'),
(312, 'tomescu.dorina312@elev.teodornes.ro', 't12euz', 'elev'),
(313, 'ionescu.georgel313@elev.teodornes.ro', 'EYAyUN', 'elev'),
(314, 'popa.basarab314@elev.teodornes.ro', '8PVB2G', 'elev'),
(315, 'pop.marioara315@elev.teodornes.ro', 'O73AlB', 'elev'),
(316, 'dumitrescu.adi316@elev.teodornes.ro', 'ZaV1F5', 'elev'),
(317, 'gheorghiu.caterina317@elev.teodornes.ro', 'ujJLcM', 'elev'),
(318, 'preda.ștefania318@elev.teodornes.ro', 'eoiMyi', 'elev'),
(319, 'ionescu.adelaida319@elev.teodornes.ro', '2Ougnb', 'elev'),
(320, 'stănescu.norman320@elev.teodornes.ro', 'lBfmUI', 'elev'),
(321, 'oprea.floarea@prof.teodornes.ro', 'gI86tp', 'profesor'),
(322, 'marin.teodora@prof.teodornes.ro', 'jzouiE', 'profesor'),
(323, 'manole.darius@prof.teodornes.ro', '2FNvxh', 'profesor'),
(324, 'stoica.mariana@prof.teodornes.ro', 'iCqN5a', 'profesor'),
(325, 'nistor.marcela@prof.teodornes.ro', '2URgwl', 'profesor'),
(326, 'popa.sânziana@prof.teodornes.ro', 'LlTFs9', 'profesor'),
(327, 'tudor.agnos@prof.teodornes.ro', 'ounFB5', 'profesor'),
(328, 'albu.gabriel@prof.teodornes.ro', 'xjcPBQ', 'profesor'),
(329, 'stănescu.gheorghiță@prof.teodornes.ro', 'YnraO1', 'profesor'),
(330, 'oprea.dana@prof.teodornes.ro', 'spGtrW', 'profesor'),
(331, 'pop.ionică@prof.teodornes.ro', 'dB5Bru', 'profesor'),
(332, 'nistor.felicia@prof.teodornes.ro', 'sU2kUb', 'profesor'),
(333, 'popa.cecilia@prof.teodornes.ro', 'tak1Jm', 'profesor'),
(334, 'tabacu.svetlana@prof.teodornes.ro', '2OaNQV', 'profesor'),
(335, 'cristea.valter@prof.teodornes.ro', 'dP0rqH', 'profesor'),
(336, 'nemeș.iustinian@prof.teodornes.ro', 'b11pj1', 'profesor'),
(337, 'popescu.silvian@prof.teodornes.ro', 'RoTS17', 'profesor'),
(338, 'barbu.romulus@prof.teodornes.ro', '1bc0SO', 'profesor'),
(339, 'voinea.sorin@prof.teodornes.ro', 'TO3sbP', 'profesor'),
(340, 'cristea.luiza@prof.teodornes.ro', 'nhJd3M', 'profesor'),
(341, 'toma.daiana@prof.teodornes.ro', 'h3ecbc', 'profesor'),
(342, 'dobre.costache@prof.teodornes.ro', 'RoqJVR', 'profesor'),
(343, 'albu.anda@prof.teodornes.ro', '4mk30m', 'profesor'),
(344, 'ionescu.beatrice@prof.teodornes.ro', 'YWOtZV', 'profesor'),
(345, 'niță.zamfira@prof.teodornes.ro', 'ceHPeZ', 'profesor'),
(346, 'pușcașu.marta@prof.teodornes.ro', 'odWqJo', 'profesor'),
(347, 'voinea.mihail@prof.teodornes.ro', 'ZEgdzm', 'profesor'),
(348, 'dochioiu.henrieta@prof.teodornes.ro', 'wcPokN', 'profesor'),
(349, 'nemeș.rareș@prof.teodornes.ro', 'Ps0Caj', 'profesor'),
(350, 'stănescu.george@prof.teodornes.ro', 'wCDXPc', 'profesor'),
(351, 'secretara@teodornes.ro', 'secret123', 'secretara'),
(352, 'director@teodornes.ro', '123456', 'director');

--
-- Constraints for dumped tables
--

--
-- Constraints for table `clase`
--
ALTER TABLE `clase`
  ADD CONSTRAINT `clase_ibfk_1` FOREIGN KEY (`profil_id`) REFERENCES `profiluri` (`id`);

--
-- Constraints for table `elevi`
--
ALTER TABLE `elevi`
  ADD CONSTRAINT `elevi_ibfk_1` FOREIGN KEY (`clasa_id`) REFERENCES `clase` (`id`);

--
-- Constraints for table `feedback_completat`
--
ALTER TABLE `feedback_completat`
  ADD CONSTRAINT `feedback_completat_ibfk_1` FOREIGN KEY (`materie_clasa_id`) REFERENCES `materii_clase` (`id`);

--
-- Constraints for table `materii_clase`
--
ALTER TABLE `materii_clase`
  ADD CONSTRAINT `materii_clase_ibfk_1` FOREIGN KEY (`materie_id`) REFERENCES `materii` (`id`),
  ADD CONSTRAINT `materii_clase_ibfk_2` FOREIGN KEY (`clasa_id`) REFERENCES `clase` (`id`),
  ADD CONSTRAINT `materii_clase_ibfk_3` FOREIGN KEY (`profesor_id`) REFERENCES `profesori` (`id`);
COMMIT;

/*!40101 SET CHARACTER_SET_CLIENT=@OLD_CHARACTER_SET_CLIENT */;
/*!40101 SET CHARACTER_SET_RESULTS=@OLD_CHARACTER_SET_RESULTS */;
/*!40101 SET COLLATION_CONNECTION=@OLD_COLLATION_CONNECTION */;
